,code_station,date_min,date_max,seuil_85,seuil_90,seuil_95
0,1015000101,2005-02-22,2016-12-22,1323.3999999999992,1658.6000000000008,2516.999999999999
1,1025000101,2005-01-01,2014-02-10,9146.0,11228.400000000001,15557.399999999987
2,1110000101,2005-01-01,2017-02-08,1491.5499999999997,1758.7000000000003,2486.9499999999994
3,1120000101,2005-01-01,2013-01-31,3362.5,4289.5,5833.25
4,1221000101,2012-08-09,2013-07-24,5477.000000000001,6298.0,6693.499999999999
5,2014000101,2011-02-15,2023-10-15,334.2999999999997,420.0,621.0
6,2101000102,2011-01-15,2023-08-27,1054.0,1298.2000000000007,1869.2999999999993
7,2205000101,2011-02-09,2023-08-01,3613.0,4740.200000000001,7376.399999999998
8,2221000101,2011-01-25,2023-10-15,134.0,174.80000000000018,272.0
9,2225000101,2011-12-02,2023-10-15,1913.5999999999985,2712.6000000000004,5671.049999999979
10,2225000301,2021-09-25,2023-01-10,1360.6999999999998,1580.9000000000003,1911.4499999999998
11,2301000101,2016-11-08,2023-10-15,428.4000000000001,596.5999999999999,689.0
12,2301000201,2010-11-19,2013-12-23,303.35,339.9,431.0999999999988
13,2302000101,2011-11-30,2023-10-14,490.4499999999998,664.6000000000004,1233.199999999997
14,2320000101,2014-11-18,2022-12-13,783.0,941.0,1154.0
15,2329000101,2011-10-11,2022-08-12,900.4000000000001,1040.1999999999998,1347.5999999999995
16,2402000101,2017-04-07,2023-10-15,766.2999999999997,1530.1000000000001,3707.9499999999994
17,2423000102,2010-01-02,2023-10-15,579.25,786.0,1278.0
18,2501000101,2009-09-02,2023-10-15,586.0,709.0,944.6499999999996
19,2503000101,2005-01-01,2023-10-14,1732.3000000000002,2151.0,2928.699999999996
20,2503000301,2011-01-01,2022-05-01,1806.5499999999997,2155.0,2749.8499999999963
21,2504000101,2011-01-29,2023-10-15,459.5999999999999,587.0,890.7999999999993
22,2511000101,2005-01-11,2023-10-15,443.0,496.0,584.1000000000004
23,2512000101,2009-09-05,2023-10-15,1557.6499999999996,1819.1000000000004,2480.1000000000004
24,2512000201,2011-11-10,2023-10-15,1263.0,1507.0,2016.9499999999998
25,2512000301,2005-01-08,2023-10-15,1438.0,1769.3000000000002,2443.749999999998
26,2512000401,2017-02-22,2023-01-16,1851.25,2023.5,2367.25
27,2521000102,2005-01-01,2023-10-15,4981.05,6679.899999999999,10951.399999999987
28,2521000401,2012-11-17,2021-09-12,2524.0000000000005,3012.3999999999987,3856.5999999999967
29,2533000102,2010-09-29,2023-10-15,596.0,860.6999999999998,2024.8499999999995
30,2544000101,2014-07-19,2023-10-15,49.0,58.0,83.0
31,2623000101,2011-10-01,2023-10-15,287.8000000000002,489.0,952.1999999999975
32,2715000101,2005-01-01,2023-10-15,14.0,20.0,59.0
33,2803000101,2005-01-01,2014-07-10,926.3999999999996,1502.4000000000015,2434.2000000000003
34,2803000102,2021-03-05,2023-10-15,457.15,679.5000000000001,1283.5999999999995
35,2812000101,2012-01-06,2023-10-15,200.0,277.5999999999999,460.7999999999997
36,2824000101,2005-01-01,2023-10-15,172.0,296.0,831.2000000000007
37,3021000101,2020-01-01,2022-06-29,60.0,83.5,201.0
38,3033000301,2020-01-01,2022-06-29,103.0,120.10000000000002,146.0
39,3033000401,2020-01-01,2022-06-29,57.0,65.0,98.0
40,3033000501,2020-01-01,2022-06-29,169.0,239.60000000000014,386.69999999999993
41,3035000101,2019-08-02,2022-07-03,591.9499999999999,762.3000000000001,1076.85
42,3036000101,2020-01-01,2022-06-29,125.0,153.79999999999995,232.1999999999996
43,3052000101,2020-01-01,2022-06-29,178.0,196.60000000000002,225.29999999999995
44,3053000101,2020-01-01,2022-06-29,2727.2,2788.8,2838.0
45,3054000101,2022-01-01,2022-06-29,536.9999999999998,637.6000000000005,860.0
46,3092000101,2020-01-01,2022-06-29,496.69999999999993,591.0000000000001,768.0
47,4000000101,2009-09-01,2016-02-07,1103.25,1978.0,5408.0
48,4001000201,2013-01-01,2023-09-30,2320.4999999999995,2883.2000000000003,3897.8999999999987
49,4012000101,2013-01-01,2023-09-30,10059.899999999996,12815.900000000001,20140.649999999972
50,4013000201,2012-01-01,2023-09-30,7221.75,11016.0,18949.25
51,4013000401,2021-01-01,2021-08-27,1067.5999999999997,1816.2000000000005,2800.999999999991
52,4020000101,2013-01-01,2023-09-05,7003.199999999996,9168.400000000014,14117.599999999995
53,4021000101,2019-01-02,2019-05-30,755.9999999999999,911.4000000000019,1746.7999999999988
54,4022000101,2005-01-01,2007-12-19,13430.000000000002,17659.999999999996,34346.00000000004
55,4030000201,2013-08-02,2023-09-30,251.0,348.0,530.6499999999996
56,4030000301,2011-04-02,2023-09-30,717.0,867.1999999999998,1286.3999999999992
57,4030000401,2012-10-01,2023-09-30,2065.0,3639.6000000000004,6901.499999999999
58,4030000601,2013-01-01,2023-09-30,425.0,653.7000000000003,1399.249999999999
59,4030000901,2023-01-02,2023-09-30,954.35,1270.0,1771.7499999999995
60,4031000101,2014-02-01,2018-04-22,1067.7999999999993,2652.000000000008,9546.55
61,4032000401,2013-01-01,2023-09-30,1012.4499999999998,1177.9000000000005,1692.4499999999916
62,5041000101,2005-01-01,2023-10-15,3624959.3000000003,4184808.2999999993,5019635.799999999
63,5143000101,2021-10-20,2023-10-03,1505147.5000000002,1685197.9999999998,1879714.7499999993
64,5220000101,2015-01-22,2023-10-13,981987.1999999998,1149649.0,1351474.5999999994
65,5221000101,2005-03-04,2023-10-14,1562661.55,1807111.7999999998,2167063.749999999
66,5221000201,2016-02-25,2023-10-15,1777708.0,2064596.2000000004,2562922.2
67,5241000101,2013-01-24,2023-10-15,2077515.5,2394263.0,2818182.0
68,5424000102,2005-06-20,2006-08-06,694951.4,837313.0000000001,957040.5999999992
69,5522000101,2016-02-24,2017-01-13,304004.69999999995,351980.60000000003,420391.1
70,5522000101,2017-01-14,2023-10-15,495023.75,609877.5,775363.0
71,6000000102,2021-02-23,2023-10-10,1348423.2999999998,1562682.9000000001,1844243.5999999996
72,6020000101,2005-01-01,2023-10-15,1603078.5,1835994.5999999999,2231982.0999999987
73,6122000301,2016-03-10,2023-10-14,354831.00000000006,413420.5999999999,511026.9999999994
74,6242000101,2016-03-11,2023-10-12,679819.6,793788.2000000001,930961.6999999993
75,7050000101,2005-01-01,2023-10-15,575837.5,687012.0,818986.0
76,8031000101,2005-01-01,2005-07-21,453610.2,479746.2,516711.99999999953
77,8032000101,2005-03-03,2023-10-15,475392.8,535728.4,622638.7999999998
78,9104000101,2005-01-01,2023-10-15,179635.44999999992,210477.10000000006,262996.29999999993
79,9110000101,2005-01-01,2023-10-14,63326.0,70082.5,77472.25
80,9121000101,2005-01-01,2021-01-11,16152.5,21881.5,29627.25
81,9121000102,2019-05-21,2023-10-15,23086.99999999999,30166.20000000001,42232.29999999995
82,9131000101,2012-11-14,2020-11-06,94435.70000000001,110488.79999999999,133218.9999999999
83,9134000101,2005-01-01,2005-12-04,15869.999999999995,18830.000000000004,26284.0
84,A021005050,2013-11-26,2023-10-15,1343606.9000000001,1509185.3,1870633.7999999998
85,A022020001,2005-04-01,2023-10-15,129.0,158.0,232.0
86,A041030001,2005-01-01,2023-09-20,1828.0,1871.0,1927.0
87,A052033001,2005-03-31,2017-09-07,496.0,538.0,570.0
88,A052034001,2005-04-10,2015-06-21,826.0,865.0,905.0
89,A052055001,2005-01-01,2005-12-30,301.0,314.09999999999997,336.84999999999997
90,A053074001,2005-01-01,2019-02-04,1342.0,1456.0,1630.8999999999996
91,A053074201,2021-05-07,2023-10-15,278.0,302.0,398.0
92,A060005050,2013-11-26,2023-09-02,1429494.0999999999,1622342.4000000004,1937099.7
93,A061005050,2008-02-25,2017-01-08,1413577.35,1590701.9000000001,1862078.3
94,A061005051,2013-01-01,2023-08-31,1502048.1499999997,1693408.8,2029310.9
95,A100003001,2006-09-08,2023-10-15,740.0,960.3000000000002,1401.2999999999993
96,A105003001,2005-01-01,2023-10-15,3399.699999999999,4364.900000000001,6785.649999999995
97,A107020001,2005-01-01,2023-10-15,907.0,1136.1000000000004,1698.199999999997
98,A112010001,2005-01-01,2023-10-15,1613.3999999999978,2146.9000000000005,3382.8499999999995
99,A112010002,2013-11-26,2023-07-10,1380.0999999999995,1857.7000000000003,2833.95
100,A112020001,2005-01-01,2008-01-09,2273.449999999998,3200.8,5075.5499999999865
101,A113030002,2014-03-25,2023-10-15,376.6500000000001,565.0999999999999,1052.4999999999973
102,A115020001,2005-01-01,2023-10-15,4040.399999999998,5698.0,9400.8
103,A116003002,2005-01-01,2023-10-15,9889.249999999996,12882.300000000003,19598.6
104,A116003004,2021-10-18,2023-10-15,6157.4,8358.200000000012,12294.199999999997
105,A116003101,2018-01-01,2023-10-15,5497.9,5619.400000000001,5808.3
106,A120020302,2005-01-01,2023-10-15,618.75,855.0,1461.75
107,A121000101,2014-03-25,2023-10-15,4064.199999999999,5912.4000000000015,9253.699999999997
108,A122201002,2005-01-01,2007-01-03,4693.599999999998,5948.200000000006,10626.0
109,A124020101,2006-08-14,2023-10-15,6384.200000000001,9464.399999999998,16033.999999999996
110,A125020001,2005-01-01,2023-10-15,6201.349999999997,9392.2,15291.599999999991
111,A130000101,2014-01-01,2023-10-15,18560.5,24238.199999999997,34442.44999999997
112,A133003001,2005-01-01,2023-10-15,18739.399999999998,24836.200000000004,36452.34999999999
113,A133043301,2019-10-02,2022-08-22,1858.0,1885.6,1922.1999999999998
114,A140202001,2005-01-01,2023-10-15,628.0,836.0,1209.6499999999987
115,A143020002,2005-01-01,2023-10-15,7827.399999999998,10196.400000000003,15807.95
116,A146020302,2005-01-01,2023-10-15,9810.400000000001,13148.599999999999,19919.499999999985
117,A147004001,2005-01-01,2023-10-15,24587.149999999958,32570.7,49028.14999999998
118,A147004101,2019-12-14,2023-10-15,24742.19999999999,35081.80000000002,49323.9
119,A150020001,2005-07-28,2023-10-15,1290.0500000000002,1728.5999999999985,2726.1999999999935
120,A152020001,2005-01-01,2023-10-15,2627.0,3571.9000000000033,5274.149999999998
121,A156020101,2014-04-08,2023-10-15,3429.3999999999996,5074.000000000003,8045.799999999997
122,A161003001,2005-01-01,2023-10-15,30664.0,39663.0,59785.0
123,A201010001,2007-07-24,2023-10-15,4203.799999999999,5829.800000000003,8563.799999999997
124,A202030001,2005-01-01,2023-10-15,2019.1499999999996,2556.4000000000015,3720.199999999997
125,A204010001,2012-11-05,2022-02-08,8086.199999999999,10523.8,15337.799999999985
126,A204010101,2005-01-01,2007-01-08,7513.449999999997,8953.3,13368.499999999993
127,A204010201,2006-09-12,2023-10-15,7859.399999999998,10375.800000000017,14716.199999999993
128,A204010301,2022-07-09,2023-10-15,261.0,283.0,303.0
129,A210020101,2017-06-26,2023-10-15,999.5499999999997,1251.9,1636.8999999999996
130,A211030001,2005-01-01,2023-10-15,1536.699999999999,1944.800000000001,2778.8999999999996
131,A212020001,2006-08-31,2023-10-15,3512.7999999999993,4418.0,6195.5999999999985
132,A212020002,2005-01-01,2007-01-01,3697.5,4568.0,6262.0
133,A214010001,2005-01-01,2023-10-15,11134.349999999997,14188.300000000001,20149.44999999998
134,A214010102,2019-12-15,2023-10-15,11557.299999999992,15734.000000000002,19685.900000000012
135,A215030001,2023-03-29,2023-10-15,260.0,319.0,421.0
136,A216010201,2023-07-29,2023-09-25,722.8999999999997,959.6000000000004,1220.0999999999992
137,A220000101,2022-11-25,2023-10-15,31938.399999999994,39341.00000000002,48910.200000000004
138,A225020001,2006-06-09,2015-11-16,426.0,450.0,489.5499999999997
139,A226020001,2005-01-01,2019-02-03,7930.799999999999,9961.00000000001,14244.300000000003
140,A226032002,2019-03-08,2023-10-15,69774.0,73896.0,81750.0
141,A226032101,2019-08-09,2022-05-18,435.9,512.8000000000001,716.1999999999989
142,A228003001,2005-01-01,2023-10-15,77728.7,82130.50000000001,90232.45
143,A231020001,2005-01-01,2023-10-15,2309.8499999999995,2934.4000000000033,4210.9
144,A234021001,2005-01-01,2023-10-15,2625.8499999999995,3387.9000000000005,4835.449999999998
145,A235020001,2007-01-01,2023-08-31,5041.199999999999,6484.20000000001,9413.8
146,A235020002,2005-01-01,2007-01-03,4899.999999999998,6703.000000000011,9169.399999999994
147,A236003001,2006-09-10,2023-10-15,59030.99999999999,73226.60000000002,93787.79999999996
148,A237003001,2005-01-01,2023-10-15,58620.399999999994,72008.60000000002,91822.7999999999
149,A242020001,2005-01-01,2010-06-05,1397.0,1623.0,2163.0
150,A242020101,2005-01-01,2023-10-15,2505.0,2935.0,3722.0
151,A243003001,2005-01-01,2023-10-15,51367.85,52067.700000000004,52973.65
152,A251020001,2005-01-01,2023-10-15,1069.8499999999995,1310.800000000001,1842.9499999999998
153,A261020001,2005-01-01,2023-10-15,685.0,824.0,1173.8999999999996
154,A273011002,2005-01-01,2023-10-15,8910.699999999999,11003.700000000008,15581.449999999997
155,A284020001,2005-01-01,2023-10-15,1674.1499999999996,2006.1000000000004,2764.2499999999964
156,A285011001,2006-10-04,2023-10-15,11130.0,13859.0,19685.0
157,A286011003,2005-01-01,2023-10-15,13823.55,17052.000000000007,22827.599999999995
158,A302009050,2005-01-01,2023-10-15,1574913.2,1768756.9000000004,2077127.7
159,A312000101,2015-01-01,2023-10-15,1528.65,1802.2999999999997,2440.5499999999997
160,A325021001,2005-01-01,2023-10-15,2068.8499999999995,2459.5000000000027,3294.95
161,A330010001,2005-01-01,2023-10-15,6670.849999999999,7878.800000000001,10635.249999999996
162,A341020001,2005-01-01,2023-10-15,2862.699999999999,3440.0,4605.399999999998
163,A343021001,2006-07-06,2023-10-15,1358.6499999999996,1747.4000000000015,2733.7499999999964
164,A348020001,2005-01-01,2023-10-15,7744.599999999991,9763.7,14075.95
165,A350010001,2005-01-01,2023-10-15,13632.0,16594.0,22792.0
166,A355005050,2013-11-26,2023-10-15,1531203.0999999999,1738884.8000000003,2110367.2999999993
167,A368021001,2005-01-01,2023-10-15,1499.5499999999984,1928.9000000000005,2826.95
168,A369011001,2005-01-01,2023-10-15,5191.849999999999,6479.700000000002,8953.649999999998
169,A373020001,2005-01-01,2023-10-15,2062.399999999998,2869.5000000000027,4351.749999999999
170,A375005050,2013-11-26,2023-10-15,1557093.8,1760512.6,2092516.5999999999
171,A380020001,2005-01-01,2023-10-15,2780.8499999999995,3051.9000000000005,3530.95
172,A402061001,2005-01-01,2023-10-15,5167.65,6761.100000000004,10203.799999999974
173,A405062001,2005-01-01,2023-10-15,10143.549999999992,13136.500000000007,20149.05
174,A414020201,2005-11-02,2023-10-15,12902.0,16530.0,23780.0
175,A414020202,2005-01-01,2006-12-14,14415.0,16721.0,22769.0
176,A417301001,2005-01-01,2023-10-15,3532.55,4276.4,5880.699999999999
177,A420063001,2005-01-01,2023-10-15,41826.25,52948.0,75767.75
178,A420063002,2006-03-10,2021-12-30,187174.29999999996,223376.2000000001,284916.1
179,A433301001,2005-01-01,2023-10-15,2956.4999999999973,3560.4000000000005,4699.499999999997
180,A436203001,2005-01-01,2023-10-15,15353.5,19003.600000000006,25218.699999999997
181,A443064001,2005-01-01,2023-10-15,59829.04999999998,73638.20000000003,102571.5
182,A455000201,2014-10-16,2023-10-15,64697.399999999994,83379.20000000001,120405.29999999997
183,A463201001,2005-01-01,2023-10-15,1809.0,2484.4000000000005,4023.399999999997
184,A500201001,2005-01-01,2007-12-30,591.1,803.9999999999997,1402.1000000000001
185,A511061001,2022-09-29,2023-09-23,71127.4,93208.6,129593.79999999993
186,A511061002,2010-01-01,2023-10-15,78165.9,100051.60000000002,145663.14999999997
187,A523011001,2010-01-02,2023-10-15,3443.6000000000004,5112.5999999999985,8114.299999999982
188,A524201001,2005-01-13,2023-10-15,2130.25,2851.0,4244.75
189,A526102001,2005-01-01,2023-10-15,5840.8,8093.0,14653.79999999996
190,A526102003,2005-01-01,2006-09-28,4657.5,6382.5,9750.25
191,A530301001,2005-01-01,2008-06-30,1000.1999999999998,1254.7,1714.0499999999988
192,A542201001,2005-01-01,2007-06-12,2147.5999999999985,3157.4000000000015,5222.999999999998
193,A542201101,2021-05-19,2023-10-15,819.8000000000002,1207.8,1870.5999999999988
194,A543101001,2005-01-01,2023-10-15,15780.0,22573.0,34593.75
195,A550061001,2005-01-01,2023-10-15,92582.0,117867.2,162430.54999999996
196,A562201001,2005-01-01,2008-02-12,3254.6,3827.0,4686.599999999999
197,A573061001,2005-01-01,2023-10-15,100736.69999999994,126866.70000000017,181691.69999999995
198,A600101001,2005-01-01,2023-10-15,3001.75,3590.5,4809.25
199,A605102001,2005-01-01,2023-10-15,11097.499999999998,13618.800000000001,18819.899999999947
200,A615103001,2005-01-01,2023-10-15,23011.5,28390.5,38393.25
201,A623201001,2005-01-01,2023-10-15,3047.0,3468.0,4187.0
202,A631101001,2005-01-01,2023-04-13,39445.2,45332.0,57998.39999999999
203,A631101003,2016-01-01,2023-10-15,24057.49999999997,29123.00000000003,38202.899999999994
204,A634101001,2005-01-01,2023-10-15,28531.0,34550.5,46237.25
205,A634101002,2016-01-01,2023-10-15,25478.25,31703.0,44181.0
206,A643112001,2005-01-01,2023-04-02,3904.7999999999997,4405.000000000001,5542.799999999991
207,A643112002,2010-01-01,2023-10-15,2293.0,2859.1000000000004,3808.55
208,A643112003,2005-01-01,2007-12-29,2309.599999999999,2734.2000000000007,3866.399999999997
209,A644301001,2005-01-01,2008-03-17,540.7,678.9000000000001,1168.9500000000005
210,A654111001,2005-01-01,2023-10-15,8082.200000000001,11260.8,17286.0
211,A654301001,2005-01-01,2006-08-23,349.0,558.8000000000011,854.1999999999998
212,A657111001,2005-01-01,2023-10-15,9368.3,13608.1,21901.099999999984
213,A662121201,2010-01-01,2023-10-15,1931.0500000000002,2369.7999999999993,3116.699999999999
214,A662121202,2005-01-01,2009-12-30,2181.6499999999996,2436.9000000000015,3059.55
215,A664031001,2011-12-10,2021-07-16,8588.099999999999,9147.2,10396.999999999998
216,A664031002,2005-01-01,2010-04-28,1152.0,1454.0,2242.699999999996
217,A670121001,2005-01-01,2023-10-15,5281.249999999999,6531.3,9399.199999999997
218,A673122001,2005-01-01,2023-10-15,7647.849999999999,9984.500000000018,14750.649999999998
219,A676101001,2005-01-01,2023-10-15,48437.0,61998.0,86839.0
220,A681201001,2005-01-01,2005-12-17,830.8499999999999,990.0,1386.7999999999988
221,A686000101,2019-01-01,2023-10-15,2609.9999999999995,3971.0000000000005,8904.89999999996
222,A687201001,2005-01-01,2023-10-15,4258.250000000001,5991.099999999999,9599.749999999996
223,A692101001,2005-01-01,2023-10-15,56552.40000000001,72105.69999999998,100968.09999999979
224,A694102001,2013-11-22,2017-09-18,64940.049999999996,81710.40000000001,102629.44999999994
225,A694102004,2005-01-01,2023-04-14,82860.4,101425.6,131689.39999999994
226,A695301001,2005-01-01,2005-12-23,739.1999999999999,919.6000000000001,1409.3999999999999
227,A701061001,2005-01-01,2023-10-15,165806.44999999998,211785.60000000006,295542.1499999999
228,A712201001,2005-01-01,2023-10-15,2219.0,2972.3,4590.249999999998
229,A721301001,2005-01-01,2008-06-29,667.7999999999997,816.6000000000015,1286.7999999999997
230,A735201001,2005-01-01,2023-10-15,4806.399999999998,6225.700000000002,9085.599999999999
231,A740000101,2015-02-03,2023-10-15,172338.94999999995,230250.90000000002,319346.39999999973
232,A740000102,2014-11-05,2023-04-05,505517.5,560313.0,682752.5
233,A743061001,2005-02-14,2023-01-17,682015.75,718631.4,809075.7999999999
234,A758102001,2005-01-01,2023-10-15,4249.949999999999,5601.1,9709.349999999988
235,A764201001,2005-01-01,2023-10-15,1608.749999999999,2116.0,3497.500000000001
236,A770101001,2005-01-01,2023-10-15,6761.0,9755.0,16598.0
237,A782101001,2005-01-01,2023-10-15,11373.399999999998,17641.300000000036,28355.749999999993
238,A788101001,2005-01-01,2016-12-30,17160.75,23641.1,36874.69999999997
239,A788101002,2015-10-01,2023-10-15,16461.399999999998,24413.600000000002,35247.19999999998
240,A793061001,2005-01-01,2013-02-19,220362.0,292510.00000000006,410277.1999999997
241,A793061002,2012-11-26,2023-10-15,213267.2499999999,276186.30000000005,360839.4499999998
242,A800621001,2005-01-01,2023-10-15,591.0,870.9000000000005,1418.0
243,A802101001,2005-01-01,2023-10-15,1970.0,2902.700000000007,5069.9
244,A807101001,2005-01-01,2023-10-15,5394.0,7908.499999999999,14966.699999999999
245,A812020101,2013-01-01,2023-10-15,1808.9999999999955,2771.000000000002,4419.999999999993
246,A812200001,2005-01-01,2023-10-15,1276.0,1941.0,3348.7999999999956
247,A820101001,2007-01-01,2023-10-15,12692.0,18214.5,29870.25
248,A830020101,2013-11-22,2023-10-11,372.6999999999998,505.60000000000036,827.5999999999985
249,A831030001,2013-11-22,2023-10-06,639.0999999999995,829.4000000000005,1213.4499999999994
250,A832201001,2005-01-01,2023-10-15,2133.0,2574.1000000000004,3603.0
251,A840101001,2005-01-04,2023-10-15,15113.600000000002,21766.799999999996,35422.99999999997
252,A842020101,2020-06-29,2023-10-15,282.0,342.79999999999995,535.8999999999985
253,A843101001,2005-01-01,2023-10-15,19155.9,26552.100000000002,40873.94999999998
254,A850061001,2005-01-01,2023-10-15,210835.0,279379.0,403483.0
255,A851020501,2008-03-02,2011-11-08,1343.0,1543.6000000000004,1940.7
256,A860304001,2015-08-01,2023-10-15,354.0,498.60000000000036,924.3000000000002
257,A861202001,2007-01-01,2023-10-15,1900.3499999999995,2200.0,2800.8999999999996
258,A864030001,2014-01-01,2023-10-15,946.6000000000004,1286.6,2126.099999999998
259,A873201001,2005-01-01,2023-10-15,925.1000000000004,1191.3999999999996,1849.3499999999995
260,A890201001,2005-01-01,2006-12-31,385.65,431.0,501.0
261,A891030101,2014-08-05,2023-10-15,43.0,53.0,75.0
262,A900105050,2005-01-01,2023-10-15,1465.9499999999998,1826.3000000000002,2382.2999999999993
263,A901305050,2005-01-01,2023-10-15,2080.0,2421.0,3079.0
264,A902101050,2008-09-15,2023-10-15,2775.0499999999975,4031.4000000000015,5903.350000000001
265,A902102050,2005-01-01,2023-10-15,5128.099999999999,6778.000000000008,10159.699999999997
266,A902102101,2015-11-15,2023-10-15,1880.7499999999995,2346.7000000000003,3468.1499999999987
267,A906215050,2005-01-01,2023-10-15,2141.5999999999995,3000.600000000002,5299.4
268,A907105050,2005-01-01,2023-10-15,10822.099999999999,13968.600000000002,23615.3
269,A909106050,2005-01-01,2023-10-15,13184.0,18723.0,30764.0
270,A919205050,2011-05-27,2023-10-15,6888.6,9109.199999999997,12176.000000000022
271,A920107050,2008-01-01,2023-10-15,19397.6,27400.200000000004,43225.800000000025
272,A923205040,2010-01-01,2023-10-15,2337.499999999999,3128.0000000000027,4774.19999999999
273,A926000101,2005-01-01,2023-10-15,4092.8999999999996,5518.6,8859.099999999988
274,A930108040,2005-01-01,2023-10-15,27551.849999999955,37589.00000000001,56813.25
275,A931108050,2013-10-22,2021-06-23,30219.899999999994,41027.20000000001,60020.29999999996
276,A931108060,2008-01-01,2022-05-02,30361.1,39841.200000000004,60743.29999999998
277,A931109050,2011-02-06,2018-01-31,59617.0,76202.0,109433.0
278,A932215050,2005-01-01,2023-10-15,911.0,1084.7000000000016,1400.0
279,A937203050,2014-01-02,2023-10-15,26135.800000000003,31978.399999999994,43511.0
280,A937204050,2014-01-01,2023-10-15,25486.75,30963.0,44025.75
281,A937205050,2008-08-18,2023-07-10,27920.0,35049.8,49673.39999999992
282,A937205051,2015-03-01,2023-10-15,24399.0,30669.0,45242.5
283,A937205301,2018-10-26,2023-10-15,23810.75,30733.5,46337.25
284,A940000101,2015-06-19,2023-10-15,54369.799999999996,72548.0,107499.19999999994
285,A953205050,2008-09-15,2023-10-15,1623.0500000000002,2113.4999999999973,3086.3499999999995
286,A953205060,2005-01-01,2006-03-12,1671.0,1820.0,2235.5
287,A961205050,2005-01-01,2023-10-15,432.0,490.0,608.6500000000005
288,A973121001,2005-01-04,2023-10-15,3774.000000000002,6167.4,10729.8
289,A975201001,2005-01-01,2023-10-15,5500.0,9133.0,15824.0
290,A983201001,2005-01-01,2023-10-15,3361.75,4409.0,6535.5
291,A986201001,2005-01-01,2023-10-15,5556.14999999999,7538.600000000002,12301.09999999999
292,A994202001,2005-01-01,2023-10-15,15701.249999999975,22553.50000000002,39102.9
293,A994202002,2005-01-01,2006-01-11,6820.5,8908.5,14647.25
294,B022001001,2005-01-01,2023-10-15,6976.399999999998,10946.800000000001,16683.399999999994
295,B105201001,2005-01-01,2023-07-10,3716.0,5757.800000000001,10106.699999999992
296,B109201001,2005-01-01,2023-10-15,7302.399999999998,11498.500000000007,20027.79999999999
297,B110000001,2005-01-01,2023-10-15,16859.199999999983,26836.500000000004,42632.69999999999
298,B115001001,2005-01-01,2023-10-15,21512.399999999998,31110.500000000004,47479.59999999998
299,B122201001,2005-01-01,2023-10-15,2761.3999999999996,3887.4000000000033,6026.199999999997
300,B128201001,2005-01-01,2023-10-15,8356.099999999997,13203.500000000004,20121.499999999993
301,B130001001,2005-01-01,2023-07-10,37827.74999999998,52523.50000000001,75777.09999999998
302,B134001001,2005-01-01,2023-10-11,33359.15,48690.700000000004,72942.59999999999
303,B134001002,2012-02-03,2023-10-15,34159.2,48938.000000000015,74767.79999999997
304,B201201001,2005-01-01,2022-01-09,2269.7999999999993,2574.4,3323.099999999995
305,B204201001,2005-01-01,2023-10-15,757.8499999999995,1074.9000000000005,1756.9499999999998
306,B210000101,2016-01-01,2023-07-10,43398.899999999965,62435.40000000001,80217.79999999999
307,B213001001,2005-01-01,2023-10-15,44621.95,59251.90000000001,79494.09999999999
308,B222001001,2005-01-01,2023-10-15,53794.64999999999,69954.5,89723.09999999999
309,B300301001,2005-01-01,2006-01-14,477.0,621.0,709.5
310,B301001001,2005-01-01,2023-10-15,67476.84999999998,87317.40000000002,119878.04999999999
311,B301001002,2007-03-06,2021-02-10,309152.8,322659.2,341159.8
312,B315002001,2005-01-01,2023-10-15,82856.04999999997,103572.00000000003,138232.14999999997
313,B400101001,2005-01-01,2023-10-15,3749.949999999996,5142.700000000002,8034.999999999996
314,B400101101,2016-10-21,2023-10-15,1272.0,1838.4000000000005,3208.95
315,B402101001,2005-01-01,2023-10-15,4643.0,6248.0,9235.0
316,B403101001,2005-01-01,2023-10-15,6382.849999999999,8256.600000000002,12476.499999999998
317,B413201001,2005-01-01,2023-10-15,3690.699999999999,4613.900000000001,6225.749999999999
318,B422431001,2005-01-01,2023-10-15,5727.05,7055.999999999998,10128.749999999996
319,B422431101,2014-10-16,2023-10-15,14272.399999999989,17667.0,24860.349999999966
320,B423000102,2023-09-19,2023-10-15,2756.2999999999997,2982.8,3200.2
321,B431020001,2005-01-01,2020-01-26,1325.1,1875.4000000000005,3983.05
322,B435201001,2005-01-01,2023-07-10,4943.150000000001,6385.499999999997,8843.349999999999
323,B453000101,2019-09-03,2023-07-10,3432.5,4999.0,7878.0
324,B457201001,2005-01-01,2023-10-15,6092.0,9070.0,14865.0
325,B460101001,2005-01-01,2023-09-13,35265.00000000001,44027.2,60260.79999999996
326,B463101001,2005-01-01,2023-10-15,38854.499999999985,47611.600000000006,65874.64999999997
327,B466010101,2008-01-01,2023-07-31,46888.0,58612.0,80667.0
328,B502001001,2005-01-01,2023-10-15,144486.75,179288.0,231287.0
329,B517201001,2005-01-01,2023-10-15,10507.8,13854.3,17224.449999999997
330,B532201001,2005-01-01,2023-10-15,3349.699999999999,4347.600000000002,6138.699999999999
331,B557201001,2005-01-01,2023-10-15,8454.249999999996,10998.7,15749.55
332,B560010101,2005-01-07,2023-04-15,338478.8,365306.60000000003,428590.3999999999
333,B610000201,2014-10-16,2023-10-15,48153.5,65427.0,93641.5
334,B610000301,2014-10-16,2023-10-15,12991.599999999988,17212.800000000007,24456.599999999995
335,B610000401,2014-10-16,2023-10-15,26442.199999999993,35365.600000000006,50987.59999999999
336,B610000601,2014-10-30,2023-10-15,39000.0,52686.0,77574.0
337,B610000701,2017-10-16,2023-10-15,3781.0499999999997,5592.5,8302.149999999983
338,B610000801,2017-10-16,2023-10-15,7443.249999999998,9940.7,14416.149999999994
339,B611101001,2005-01-01,2023-10-15,49476.7,64556.500000000015,92782.29999999997
340,B700001001,2013-11-22,2022-01-19,232051.6999999999,281667.30000000005,352211.45
341,B700001002,2011-01-08,2020-02-05,788632.6,791841.4,802373.0
342,B713000101,2014-10-16,2023-10-15,13500.0,18467.500000000036,26005.89999999999
343,B713000201,2017-10-16,2023-10-15,6146.2,8497.400000000003,12401.399999999998
344,B713000301,2017-10-16,2023-10-15,5570.0,8112.0,12295.5
345,B720000001,2005-01-01,2023-10-15,266166.94999999995,331751.10000000003,433625.24999999994
346,B720000002,2005-01-01,2023-09-23,266405.0,330492.0,444826.7999999998
347,B732201001,2005-01-01,2023-04-13,7592.8,8803.6,10978.899999999989
348,B732201101,2014-10-15,2023-10-15,3547.5999999999995,4750.0,6927.0
349,D013701001,2005-01-01,2023-10-15,2740.5000000000027,3811.7999999999993,5988.599999999997
350,D013702001,2005-01-01,2023-10-15,5244.75,7584.0,12173.5
351,D013705001,2005-01-01,2023-10-15,523.0,781.0,1221.199999999999
352,D015651001,2005-01-01,2023-10-15,4812.0,6775.0,10031.0
353,D015652001,2005-01-01,2023-10-15,6535.799999999998,9526.800000000007,13786.0
354,D015656001,2007-01-18,2023-10-15,5462.449999999995,7884.200000000015,12322.850000000006
355,D015850001,2005-01-01,2023-10-15,424.0,496.0,679.0
356,D016221001,2013-12-25,2023-05-11,56495.799999999996,59317.8,67736.4
357,D018600001,2005-01-01,2019-10-09,461.0,507.0,607.5999999999995
358,D019223001,2005-01-01,2023-10-15,18817.65,27219.799999999992,44557.649999999965
359,D019701001,2005-04-27,2023-10-15,287.0,418.1999999999998,676.0
360,D019801001,2005-01-01,2019-12-31,63.0,73.0,99.64999999999964
361,D019801201,2021-10-01,2023-10-15,15058.999999999996,22023.000000000004,33704.99999999999
362,D020601001,2005-01-01,2023-10-15,1937.0,2454.000000000002,3476.0
363,D020602001,2005-01-01,2023-10-15,1354.8999999999996,1799.6000000000004,2487.4999999999964
364,E131000202,2005-01-01,2020-06-22,4257.0,4501.5,4767.75
365,E156371001,2005-01-01,2020-07-28,897354.1999999961,2116656.8000000003,3086933.4999999986
366,E156371002,2020-08-01,2023-10-15,4654.0,4924.0,5433.0
367,E156601001,2005-01-01,2023-10-15,2021.0,2085.0,2195.75
368,E171551101,2020-10-15,2023-10-15,8853.800000000003,12250.599999999995,18281.900000000012
369,E172601002,2005-01-01,2023-10-15,2698.05,2929.0,3155.3499999999995
370,E172751001,2005-01-01,2023-10-15,1334.8499999999995,1499.0,1812.9499999999998
371,E172751201,2020-10-28,2023-10-15,8409.9,9211.5,10207.8
372,E176601001,2005-01-01,2023-10-15,735.3499999999995,852.0,1112.4499999999998
373,E182702001,2005-01-01,2023-10-15,2566.55,3275.0999999999995,4666.849999999999
374,E201000301,2013-01-01,2023-10-15,798.0,878.0,1066.0499999999997
375,E207111002,2005-01-01,2020-07-29,7669.999999999998,10000.0,41011.59999999985
376,E207111003,2020-01-01,2023-07-22,6113.2,6300.4000000000015,7004.6
377,E236741001,2005-01-01,2023-10-15,559.0,804.0,1325.3499999999995
378,E236831001,2005-01-01,2009-12-30,202.0,251.60000000000014,356.0
379,E237110501,2005-01-01,2023-10-15,9450.05,11979.3,16294.149999999983
380,E237601001,2005-01-01,2023-10-15,858.0,1118.4000000000005,1566.5999999999995
381,E237721001,2005-01-01,2023-10-15,795.0,1052.0,1511.0
382,E240041101,2005-01-01,2023-10-15,36509.0,43243.0,56449.0
383,E301000301,2018-07-12,2023-06-19,2073.45,2298.7999999999997,2701.1499999999996
384,E310211001,2005-01-01,2019-09-24,9672.899999999998,10699.8,12382.199999999993
385,E334601001,2005-01-01,2023-10-15,1040.0,1350.5,2025.75
386,E334602001,2005-01-01,2021-01-20,394.0,481.40000000000055,620.6999999999998
387,E334602201,2020-07-01,2023-10-15,233.0,317.0,560.3000000000006
388,E338351001,2005-07-01,2012-07-28,4555.8,5262.5999999999985,6445.199999999999
389,E341210001,2005-07-07,2012-02-11,15721.399999999998,18022.2,21735.399999999998
390,E351121001,2005-01-01,2023-10-15,1567.0,1819.9000000000005,2322.95
391,E351122001,2005-01-01,2023-10-15,3248.2,3794.6000000000004,4721.3999999999905
392,E351851001,2005-01-01,2023-10-15,1007.0500000000002,1218.0,1805.699999999999
393,E361121001,2005-07-01,2023-10-15,6457.1,7801.0,10378.749999999996
394,E364621001,2005-01-01,2023-10-15,1785.0,2147.9000000000005,2709.749999999999
395,E364628001,2009-01-24,2023-10-15,1146.6499999999996,1344.2000000000007,1681.0
396,E365851301,2017-01-04,2023-10-15,2243.0,3698.0,6325.0
397,E366060001,2005-01-01,2011-03-15,1486.45,1663.3,2021.0500000000006
398,E366060002,2011-03-01,2023-10-15,1670.0,1837.1999999999998,2293.0
399,E366600501,2010-01-01,2023-10-15,524.0,652.0,806.0
400,E366601001,2009-07-26,2023-10-15,2058.0,2319.1000000000004,2759.1000000000004
401,E367125002,2005-07-20,2022-12-30,21337.399999999998,26718.600000000002,39275.09999999997
402,E381126501,2005-07-01,2023-10-15,41393.100000000006,51015.899999999994,68875.5999999999
403,E403571001,2005-01-01,2022-08-22,8035.25,9260.5,10922.25
404,E403571003,2022-01-01,2023-10-15,7606.599999999999,8242.400000000001,9245.399999999996
405,E403572001,2005-01-01,2023-09-21,3303.25,3714.0,4610.0
406,E403573001,2005-01-01,2023-09-18,6032.699999999999,6914.600000000002,8506.3
407,E403653001,2005-01-01,2023-10-15,1590.0,1918.9000000000005,2440.0
408,E403653301,2015-02-13,2023-10-15,5260.1,5970.6,7166.0
409,E430601001,2005-01-01,2023-10-15,2875.45,3490.2000000000007,4611.299999999999
410,E430602001,2007-07-12,2023-10-15,3452.1000000000004,4166.199999999999,5309.099999999997
411,E490571001,2005-01-01,2023-08-31,3537.699999999999,5269.900000000001,9525.799999999996
412,E490571002,2022-10-12,2023-10-15,3319.5,4932.5,9407.5
413,E490571101,2005-01-01,2023-10-15,487.09999999999945,703.4000000000005,1138.3999999999996
414,E490700501,2005-01-01,2023-10-15,687.6499999999996,1037.0,1642.3999999999942
415,E490940501,2005-01-01,2022-02-28,472.0,562.1000000000004,740.0
416,E490941401,2009-01-01,2023-10-15,1144.449999999999,1658.2000000000007,2547.3500000000013
417,E510571001,2005-01-01,2023-10-15,1072.0,1513.4000000000005,2365.3999999999996
418,E520571001,2005-01-01,2023-10-15,1659.699999999999,2361.600000000002,3905.8999999999996
419,E520571202,2018-12-22,2023-10-15,1405.7999999999977,1949.6000000000008,3129.7999999999997
420,E530021001,2005-01-01,2023-10-15,3075.699999999999,3871.9000000000005,5719.449999999998
421,E531022001,2013-01-01,2023-10-15,6676.0,8777.800000000001,13037.199999999993
422,E540031001,2005-01-01,2023-10-15,15899.699999999999,16999.9,19229.6
423,E540651001,2005-01-01,2023-10-15,5986.699999999999,6447.800000000001,7198.9
424,E541000101,2014-05-23,2023-10-15,4241.449999999999,4932.400000000001,5983.9
425,E550572001,2005-01-01,2023-10-15,9843.699999999999,10549.0,11399.599999999999
426,E550572601,2019-11-21,2023-10-15,4690.4,4908.200000000001,5806.199999999999
427,E633095001,2005-06-01,2023-10-15,929.6999999999998,1130.0,1419.699999999999
428,E635140201,2005-01-01,2023-10-15,11647.0,12849.0,14572.0
429,E635142002,2005-01-01,2023-10-15,2887.55,3076.3999999999996,3353.399999999998
430,E635142501,2005-01-01,2005-08-22,5248.25,5348.1,5790.699999999999
431,E635142602,2011-11-25,2023-10-15,8797.099999999999,9748.300000000005,10797.949999999999
432,E638607001,2005-01-01,2023-10-15,3314.0,3656.5000000000027,3991.95
433,E639701001,2005-01-01,2023-10-14,837.0,935.0,1049.0
434,E639703001,2005-01-01,2019-12-08,1575.0,1749.4000000000005,1920.0
435,E639703002,2019-09-07,2023-10-15,1788.7499999999993,1929.1000000000015,2365.1499999999996
436,E640091001,2005-01-01,2023-10-15,19668.199999999993,21184.800000000003,23255.8
437,E640600202,2020-11-03,2021-06-25,5407.8,5444.0,5481.599999999999
438,E640601001,2005-01-01,2023-10-15,2495.6000000000004,2733.2,3062.0999999999995
439,E640603501,2011-04-28,2023-10-15,326.0,395.0,479.6999999999998
440,E640754001,2010-01-01,2023-10-15,1418.0,1533.0,1703.0
441,E642601001,2005-01-01,2023-10-15,4356.849999999999,4492.900000000001,4781.95
442,E644000101,2005-01-01,2005-07-01,22900.0,23200.0,23439.999999999996
443,E645651001,2005-01-01,2019-03-26,2218.1499999999996,2293.0,2378.05
444,E645651601,2018-02-27,2023-10-15,2438.5,2638.5,2803.5
445,E645651701,2016-03-21,2023-10-15,1898.8000000000002,1996.6,2159.0
446,E647091001,2005-01-01,2005-11-01,26400.0,26920.000000000004,27600.0
447,E647091002,2005-11-02,2022-06-01,46073.9,48605.3,52170.85
448,E647091003,2021-08-02,2023-10-15,40398.25,42831.90000000001,46480.149999999994
449,E648093001,2005-01-02,2023-10-15,50725.15,53710.9,57561.95
450,E648093401,2022-10-10,2022-12-13,26275.699999999997,26786.4,27668.0
451,E649563001,2008-12-06,2022-06-03,4702.5999999999985,21679.20000000005,60704.100000000006
452,E649831501,2005-01-01,2023-10-15,1347.0499999999984,1503.9000000000005,1827.8999999999996
453,F001000101,2006-05-16,2023-10-01,929.4499999999998,1202.3000000000002,1714.449999999999
454,F002000101,2006-04-06,2023-10-01,1175.3999999999996,1508.6000000000004,2106.5999999999985
455,F041000201,2006-07-22,2023-10-01,2022.0,2528.5,3551.5
456,F128000101,2021-12-03,2023-10-12,10183.25,16546.0,655350.0
457,F232000101,2005-01-01,2023-10-15,2258.6499999999996,2500.1000000000004,2924.7499999999964
458,F240000102,2013-11-24,2022-03-28,147820.6,189524.19999999998,218843.19999999995
459,F240000103,2005-01-01,2015-09-13,126900.54999999997,156009.0,195668.59999999992
460,F240000106,2015-11-02,2023-10-15,105004.00000000001,144065.79999999984,209210.59999999957
461,F324000201,2016-06-18,2023-08-13,825.6000000000004,1157.9999999999995,1794.3999999999978
462,F330000101,2018-01-01,2023-10-15,2809.099999999999,3997.1000000000004,6877.399999999998
463,F332000201,2011-05-24,2023-10-01,491.0,646.9000000000001,899.9499999999998
464,F333000201,2005-01-01,2023-10-01,1831.0,2360.2000000000007,3414.699999999999
465,F351000103,2013-11-23,2014-01-13,8654.15,9071.0,9890.949999999999
466,F351000104,2010-01-02,2023-10-15,156754.65000000002,192913.1999999999,256560.9499999999
467,F351000109,2005-01-01,2010-03-05,134606.74999999997,153844.9,202955.34999999998
468,F352000101,2011-05-13,2023-10-15,894.2999999999997,1078.0,1430.1999999999935
469,F352000201,2005-01-01,2012-08-21,922.6500000000001,1050.0,1231.0999999999995
470,F357000101,2005-01-01,2023-10-15,6493.0,7477.700000000002,9074.9
471,F358000402,2007-07-25,2023-10-15,160992.3499999999,199441.70000000016,259298.55
472,F400000101,2021-01-25,2021-02-04,725901.25,726515.5,727129.75
473,F400000102,2014-08-02,2023-10-15,280086.19999999995,365687.4000000001,467211.5999999999
474,F410000101,2006-10-26,2023-10-15,1052.0,1457.0,2389.3999999999996
475,F410000601,2005-01-01,2023-10-15,3306.45,4510.200000000001,6927.349999999997
476,F411000101,2005-01-01,2023-10-15,657.0,934.6000000000022,1592.0
477,F413000101,2005-01-01,2023-10-15,1774.0,2306.9000000000005,3439.499999999998
478,F414000401,2005-01-01,2007-05-03,583.1999999999999,753.6000000000005,1042.3999999999999
479,F415000101,2005-01-01,2023-10-15,5537.249999999997,6941.0,10467.049999999996
480,F416000102,2006-10-25,2014-03-02,766.8000000000002,1676.3999999999983,3865.9999999999973
481,F416000103,2006-10-25,2009-02-03,2466.5,2678.8,3215.599999999992
482,F416000201,2005-01-01,2023-10-15,7858.699999999999,10155.800000000001,15479.75
483,F422000201,2005-01-01,2023-10-15,20493.249999999996,27327.000000000007,41579.299999999996
484,F428000101,2005-01-01,2023-10-15,1794.8499999999995,2103.9000000000005,2800.95
485,F429000101,2005-01-01,2012-04-29,591.0,713.0,1038.0
486,F438000101,2005-01-01,2023-10-15,519.8499999999995,673.0,1053.9499999999998
487,F438000201,2005-01-01,2023-10-15,883.0,1059.0,1450.9499999999998
488,F439000101,2005-01-01,2023-10-15,27896.699999999997,36603.70000000003,53581.2
489,F439000201,2005-01-01,2011-03-08,273.0,301.29999999999995,350.0
490,F439000301,2008-10-02,2023-10-15,478.0,545.9000000000005,714.0
491,F445000101,2005-01-01,2023-10-15,542.8499999999995,934.0,1875.699999999999
492,F447000301,2013-11-24,2021-03-24,662832.0,743275.4,818659.6
493,F447000302,2005-01-01,2023-10-15,339955.7999999999,423339.6000000006,517346.59999999986
494,F450000301,2005-01-01,2010-09-30,285.0,364.0,458.0999999999999
495,F453000101,2005-01-01,2023-10-15,4416.699999999999,4719.900000000001,5238.749999999999
496,F456042001,2014-11-24,2023-10-15,1291.0,1327.0,1396.0
497,F459000101,2005-01-01,2023-10-15,10026.849999999999,10479.800000000001,11148.75
498,F459000102,2014-11-28,2023-10-15,9589.65,10168.7,11229.449999999999
499,F461000102,2005-01-01,2023-10-15,342.0,394.0,494.9499999999998
500,F461000401,2022-12-10,2023-10-15,1164.0,1204.6,1287.4
501,F461000501,2022-12-02,2023-10-15,202.0,205.0,216.19999999999993
502,F462000101,2005-01-01,2023-10-15,721.0,888.9000000000005,1227.8499999999995
503,F462000401,2018-11-22,2023-10-15,271.79999999999995,332.0,486.99999999999955
504,F463000101,2022-12-02,2023-10-15,815.6999999999999,895.0000000000003,1143.499999999999
505,F464000102,2015-01-02,2023-10-14,2344.25,2911.5,4221.5
506,F464000201,2005-01-01,2023-07-20,3218.7999999999993,3934.0,5380.5999999999985
507,F464000202,2015-08-28,2016-12-06,4983.600000000001,5796.8,7476.799999999991
508,F464000203,2023-07-22,2023-10-03,2733.0,3460.0,4138.5
509,F465000101,2005-01-01,2007-07-02,193.0,216.0,270.25
510,F466000101,2005-01-01,2023-10-15,1700.0,2136.9000000000005,3037.5499999999984
511,F467000101,2005-01-01,2023-10-15,5662.399999999998,7055.500000000003,9896.749999999996
512,F467000102,2013-11-24,2014-12-11,5859.399999999999,6951.400000000001,8434.3
513,F474000102,2005-01-01,2023-10-15,1917.5499999999984,3093.7000000000016,6092.649999999999
514,F483000201,2013-11-24,2021-12-02,7509.949999999993,9782.000000000005,15726.599999999962
515,F483000202,2005-12-29,2023-10-15,4503.100000000001,6744.4,11124.79999999999
516,F486000101,2006-10-01,2023-10-15,362.0,488.6999999999998,837.8499999999995
517,F486000102,2005-01-01,2007-01-24,179.0,229.70000000000005,321.45000000000016
518,F490000103,2013-11-23,2014-02-10,22101.7,23490.9,32786.44999999964
519,F490000104,2005-01-01,2023-10-15,360802.14999999973,445578.20000000007,554065.7999999999
520,F521000201,2017-09-22,2023-10-15,4741.499999999999,5767.4000000000015,7704.69999999999
521,F606000101,2021-12-27,2023-10-15,74897.39999999998,99597.70000000001,162148.65
522,F613000102,2012-04-12,2023-10-15,147149.55,183860.7,233981.99999999997
523,F619000101,2005-01-01,2023-10-15,2762.7,3754.2000000000007,5907.699999999999
524,F622000402,2005-01-01,2023-10-15,155054.80000000002,190533.19999999998,244894.59999999974
525,F624000201,2005-01-01,2023-10-15,2614.8499999999995,3220.9000000000005,4391.9
526,F625000101,2005-01-01,2023-10-15,4658.849999999999,6244.700000000002,9604.649999999998
527,F641000101,2005-01-01,2023-10-15,632.8499999999995,721.9000000000005,985.8499999999995
528,F652000101,2005-01-01,2023-10-15,1869.0,2675.8000000000065,4784.849999999999
529,F654000501,2005-01-01,2018-06-05,72.0,107.0,215.0
530,F654000601,2005-01-01,2020-06-06,6.0,10.0,22.0
531,F654000701,2005-01-01,2020-05-19,11.799999999999955,18.0,39.0
532,F654000801,2005-01-01,2020-06-23,26.0,39.0,66.0
533,F655000101,2005-01-01,2023-10-15,6017.249999999997,8312.0,13891.699999999988
534,F655000102,2023-06-02,2023-10-15,2404.75,2530.0,3173.25
535,F657000201,2008-10-04,2023-10-15,1351.0,2047.3000000000047,3706.2500000000027
536,F658000101,2005-04-15,2005-06-05,4427.0,4790.8,5797.999999999995
537,F658000201,2013-11-23,2014-02-10,1233.55,1678.1000000000038,3842.7999999999943
538,F658000202,2006-10-01,2023-10-15,9229.1,13087.800000000023,21422.999999999993
539,F663000101,2005-01-01,2012-03-04,116.0,139.0999999999999,188.09999999999945
540,F664000104,2005-01-01,2023-10-15,174970.99999999997,213821.20000000007,278342.5499999999
541,F664000106,2015-11-16,2016-02-10,102142.8,108591.80000000003,164970.1
542,F664000404,2019-07-08,2023-10-15,131438.25,172558.0,246471.0
543,F700000102,2019-12-14,2023-01-26,956929.0,987273.0,1222337.0
544,F700000103,2006-01-28,2023-10-15,535460.1,657030.4,823145.7499999993
545,G017042010,2005-01-01,2023-10-15,8782.0,9481.100000000006,10360.699999999999
546,G111041010,2005-01-01,2023-10-15,3924.0,4465.800000000001,5271.599999999999
547,G206021010,2005-01-01,2023-09-03,4666.899999999995,5614.800000000004,7446.0
548,G223041010,2005-05-13,2023-10-15,4916.65,5537.200000000001,6802.1499999999905
549,G224000101,2015-10-10,2021-08-04,23788.0,24716.0,26503.0
550,G310061201,2017-08-21,2021-03-02,1259.9499999999998,1319.5000000000005,1432.9499999999998
551,G400022010,2005-01-01,2023-10-15,538.75,562.0,608.0
552,G400022101,2018-01-23,2021-03-02,2396.0,2505.0,2662.5
553,G410000301,2021-12-10,2023-10-15,422.04999999999995,442.70000000000005,475.0
554,G510061010,2005-01-01,2023-01-12,278.0,306.0,377.0
555,G510061201,2020-12-09,2022-06-07,276.0,286.0,292.54999999999995
556,G600061010,2005-01-01,2023-10-15,4333.0,4571.0,4941.0
557,G700021010,2005-11-03,2023-10-15,1038.0,1092.0,1181.0
558,G710061010,2005-01-01,2023-10-15,1036.0,1114.0,1208.0
559,H002001001,2005-01-01,2023-10-15,5127.849999999999,6857.600000000002,9633.849999999999
560,H005000101,2013-04-17,2023-10-15,538.2499999999986,826.1000000000008,1267.0
561,H010001001,2005-01-01,2023-10-15,8050.699999999999,10482.800000000001,14538.599999999995
562,H010002001,2005-01-01,2023-10-15,19318.2,23526.800000000003,30347.199999999997
563,H011001201,2022-02-21,2023-10-15,1282.1,1402.0000000000005,1749.8500000000004
564,H020302002,2005-01-01,2023-10-15,5813.0,7150.300000000004,9705.849999999999
565,H030101001,2005-01-01,2023-10-15,3813.1499999999996,4749.700000000003,6828.299999999996
566,H032103001,2005-01-01,2023-10-15,12011.649999999994,15377.600000000008,21010.1
567,H040001001,2005-01-01,2023-10-15,48218.299999999996,59756.700000000004,81574.04999999989
568,H040002001,2005-01-01,2023-10-15,29869.299999999996,41672.300000000025,61043.39999999999
569,H050301001,2005-01-01,2023-10-15,2376.5499999999984,3640.4000000000087,5551.799999999999
570,H070201001,2005-01-28,2023-10-15,3329.3499999999995,4387.900000000001,6196.499999999998
571,H080001101,2005-01-01,2023-10-15,30612.0,43368.0,63115.0
572,H080001201,2005-01-01,2023-10-15,22203.699999999997,25198.20000000004,31711.649999999998
573,H081001002,2005-01-01,2023-10-15,48202.44999999998,66222.90000000001,89856.49999999999
574,H100101001,2005-01-01,2023-10-15,1175.699999999999,1473.9000000000005,2037.7999999999993
575,H105102001,2005-01-01,2023-10-15,14597.999999999989,19093.4,26945.049999999996
576,H110200901,2005-09-16,2023-10-15,1144.5500000000002,1474.6999999999998,2131.8499999999995
577,H112202001,2005-01-01,2023-10-15,10275.599999999991,13417.7,18356.8
578,H120101001,2005-01-01,2023-10-15,31178.999999999978,38819.10000000001,50964.75
579,H123101001,2005-01-01,2023-10-15,31051.0,39956.0,61502.0
580,H130201001,2022-02-20,2023-10-15,12596.55,12704.9,12824.55
581,H133301001,2005-01-01,2023-10-15,1513.5499999999984,1816.9000000000005,2439.95
582,H150101001,2005-01-01,2023-10-15,51108.7,67443.80000000005,95230.29999999999
583,H150351001,2005-01-01,2023-10-15,1584.0,1849.5,2402.25
584,H150391001,2005-01-01,2023-10-15,589.0,745.0,1065.0
585,H151321001,2005-01-01,2023-10-15,1277.699999999999,1540.0,1947.9499999999998
586,H160301001,2005-01-01,2023-10-15,2574.0,3130.800000000001,4252.349999999998
587,H170001001,2005-01-01,2023-10-15,113451.59999999998,142288.90000000014,201121.04999999996
588,H171301001,2005-01-01,2023-10-15,1000.8499999999995,1210.800000000001,1642.8999999999996
589,H200102001,2005-01-01,2023-10-15,4569.399999999998,5601.200000000001,7272.199999999993
590,H201301001,2005-01-01,2020-11-30,2860.7999999999993,3471.8,4532.999999999998
591,H202101001,2005-01-01,2023-10-14,7164.0,8471.0,11152.0
592,H205101001,2005-01-01,2023-10-15,15806.199999999993,20507.200000000015,28485.549999999996
593,H205102001,2013-11-24,2023-10-15,17604.75,22794.0,31217.0
594,H205102002,2009-08-19,2021-07-19,19952.399999999994,25798.200000000004,34299.39999999999
595,H206201001,2005-01-01,2023-10-15,3771.5499999999984,5212.0,7871.849999999999
596,H206202001,2006-12-06,2023-10-15,574.4499999999998,832.6000000000004,1343.0
597,H207311001,2005-01-01,2023-10-15,1397.0,1725.0,2292.5
598,H208000101,2005-01-01,2008-11-20,168000.0,193000.0,234000.0
599,H208000103,2013-11-22,2021-02-12,416084.8,436673.5,468989.54999999993
600,H208000104,2009-02-05,2023-10-15,162179.79999999993,192880.20000000007,246489.5
601,H208311001,2005-01-01,2009-06-30,2787.0,2988.6,3275.6499999999996
602,H212202001,2005-01-01,2023-10-15,8257.849999999999,9986.200000000015,12878.0
603,H214203002,2005-01-01,2023-10-15,17853.749999999993,21426.40000000001,25290.6
604,H216301001,2017-01-01,2023-09-29,1787.0,2308.4000000000015,3324.499999999999
605,H217232001,2005-01-01,2023-10-15,7602.699999999999,9419.400000000001,12908.449999999999
606,H218201001,2005-01-01,2023-10-15,30530.59999999999,36965.700000000004,47037.299999999996
607,H222101001,2005-01-01,2023-10-15,72256.49999999996,88837.20000000001,114227.09999999996
608,H224000501,2005-01-01,2023-10-15,270.0,336.0,488.9499999999998
609,H226000201,2005-01-01,2023-10-15,557.0,596.0,679.0
610,H232201001,2005-01-01,2023-10-15,4267.3,5646.4,8629.999999999989
611,H233202001,2005-01-01,2023-10-15,8797.400000000001,11698.0,17999.49999999995
612,H234202002,2005-01-01,2023-10-15,16670.44999999999,21525.800000000003,30587.949999999997
613,H234203001,2005-01-01,2023-10-15,20132.0,25587.0,35689.0
614,H240201001,2005-01-01,2023-10-15,2630.0,3904.0,6702.0
615,H241201001,2005-01-01,2023-10-15,6714.399999999998,9453.800000000001,14510.55
616,H242231001,2005-01-01,2023-10-15,2138.0,2984.0,4417.0
617,H243401001,2005-01-01,2023-10-15,5222.149999999999,6586.3,9362.949999999995
618,H243471001,2005-01-01,2014-09-21,464.0,619.0,835.5999999999995
619,H244234001,2005-01-01,2023-10-15,16592.100000000002,21173.4,28761.699999999975
620,H245202001,2005-01-01,2023-10-15,24315.199999999993,31378.80000000003,45236.34999999998
621,H246202001,2005-01-01,2023-10-15,38806.29999999999,49628.60000000003,69114.29999999999
622,H246371001,2005-01-01,2023-10-15,615.0,733.0,966.3499999999995
623,H247301001,2005-01-01,2023-10-15,7119.5999999999985,9374.0,14050.05
624,H248201001,2005-01-01,2023-10-15,51431.100000000006,65237.099999999984,91508.0
625,H248201002,2019-09-13,2023-10-15,38695.0,52582.0,76980.0
626,H303000201,2005-01-01,2023-10-15,203.0,257.0,379.0
627,H303000401,2005-12-07,2023-10-15,271.0,353.0,516.9499999999998
628,H305000101,2005-01-01,2023-10-15,1296.0,1570.0,2121.8999999999996
629,H305000102,2013-11-24,2019-04-15,1019.8,1299.6000000000001,1836.7999999999997
630,H305000301,2005-01-01,2023-10-15,748.0,874.6000000000004,1144.2999999999993
631,H305000401,2005-04-20,2023-10-15,2316.0,2739.8,3519.5999999999967
632,H305000402,2005-01-01,2005-07-31,2200.7,2350.7,2713.5
633,H310042010,2005-01-01,2023-10-15,573.0,812.0,1305.699999999999
634,H311041010,2005-01-01,2021-08-17,3393.2,4589.200000000002,7394.4
635,H311041011,2019-08-29,2023-10-15,3021.3999999999996,4595.400000000007,8085.799999999993
636,H312042201,2021-07-13,2023-10-15,3343.7000000000007,4171.199999999999,6382.699999999997
637,H317061010,2005-01-01,2023-10-15,475.0,501.0,550.0
638,H318041010,2005-01-01,2023-10-15,11522.0,13235.0,16334.0
639,H320000101,2005-01-01,2006-08-16,499400.0,619000.0000000003,788199.9999999999
640,H320000104,2006-08-16,2023-10-15,780570.0,923600.7000000004,1134044.2499999998
641,H320331001,2005-01-01,2023-10-15,639.0,847.0,1286.949999999999
642,H323041010,2005-01-01,2023-10-15,405.0,553.0,871.0
643,H325041010,2005-01-01,2023-10-15,4782.900000000001,5193.0,5944.099999999999
644,H332201001,2005-01-01,2023-10-15,2364.699999999999,3288.800000000001,5142.349999999998
645,H352201010,2017-01-16,2023-10-15,1988.3999999999996,2633.0000000000005,4184.399999999999
646,H352201011,2018-03-22,2021-08-22,2003.5000000000002,2499.0,3670.0
647,H402203001,2005-01-01,2023-10-15,1933.5499999999984,2233.9000000000005,2725.95
648,H403021010,2005-01-01,2023-10-15,2238.5999999999995,3525.800000000001,6713.799999999999
649,H403301001,2005-01-01,2017-01-22,887.0,947.0,1010.8999999999996
650,H404021101,2017-07-21,2023-10-15,4189.4,6097.400000000003,9571.849999999995
651,H406840001,2018-01-01,2023-10-15,430.39999999999986,486.60000000000014,600.8
652,H413041010,2005-01-01,2023-10-15,1089.8499999999995,1372.9000000000005,1996.0
653,H416021010,2005-01-01,2023-10-15,8541.0,10839.0,15552.0
654,H418041101,2014-03-18,2023-10-15,1715.0,1955.0,2606.1999999999994
655,H420021011,2005-01-01,2023-10-15,11297.499999999996,13642.000000000007,18957.349999999988
656,H421041010,2005-01-01,2023-04-24,556.5500000000002,836.6999999999998,1462.9499999999962
657,H423041010,2005-01-01,2023-10-15,3824.0,4365.799999999998,5297.0
658,H425042010,2005-01-01,2023-10-15,5004.0,5927.0,7789.0
659,H426021010,2005-01-01,2023-10-15,16078.599999999999,19436.600000000002,26961.8
660,H428000201,2021-11-29,2023-10-15,541.7,635.6999999999999,866.5499999999994
661,H432021010,2005-01-01,2023-10-15,22323.44999999999,25848.80000000001,32905.75
662,H433043010,2005-01-01,2023-10-15,1678.0,2319.0,3657.5499999999993
663,H434042010,2019-09-27,2023-04-23,1862.7999999999956,2664.8,4105.599999999999
664,H435000201,2019-11-06,2023-10-15,563.75,989.5,1950.25
665,H436061010,2005-01-01,2022-04-07,1158.0,1203.5,1267.0
666,H436061011,2019-12-31,2023-09-26,948.0999999999999,995.8000000000002,1134.5000000000007
667,H437042010,2005-01-01,2023-10-15,4016.0,4543.0,5528.0
668,H438021010,2005-01-01,2023-10-15,28639.349999999995,32441.700000000023,39955.34999999999
669,H501102001,2005-01-01,2023-10-15,6632.0,8410.0,11733.0
670,H502301001,2005-01-01,2023-10-15,4179.75,5429.0,7726.25
671,H502301301,2018-10-17,2023-10-15,472.39999999999986,537.0,661.8
672,H502301401,2018-10-17,2023-10-15,391.0,418.60000000000014,478.79999999999995
673,H503101001,2021-01-01,2023-10-15,8415.599999999999,11892.800000000012,17614.6
674,H503102001,2005-01-01,2023-10-15,17197.5,21968.0,30961.0
675,H503331001,2005-01-01,2023-10-15,1854.8499999999995,2570.4000000000033,4006.5999999999985
676,H503334001,2005-01-01,2023-04-04,1789.2999999999993,2389.2000000000007,3591.4000000000015
677,H504061010,2005-01-01,2023-10-15,196.0,219.0,242.0
678,H504062010,2005-01-01,2023-10-15,810.0,862.0,935.0
679,H504063010,2005-01-01,2023-10-15,2949.0,3084.0,3323.5999999999995
680,H504201001,2005-01-01,2023-10-15,3952.8499999999995,5466.800000000001,7267.9
681,H505321001,2005-01-01,2023-10-15,1331.2000000000007,1847.5999999999995,2753.5999999999995
682,H506061010,2005-01-01,2023-10-15,1991.4499999999998,2135.3,2308.0
683,H506201001,2005-01-01,2023-10-15,17867.699999999986,23781.200000000008,35140.149999999994
684,H506901010,2005-01-01,2011-01-02,0.0,0.0,0.0
685,H507101001,2005-01-01,2021-06-22,42111.999999999905,61113.20000000008,87789.4
686,H507101002,2005-04-06,2023-10-15,39354.40000000001,58299.6,82368.69999999978
687,H507104001,2005-01-01,2023-10-15,57400.09999999996,75091.50000000003,102804.64999999995
688,H507105001,2005-01-01,2023-10-15,47496.94999999998,62394.20000000001,86707.9
689,H508305001,2005-01-01,2023-10-15,9250.749999999995,12052.200000000004,16790.399999999994
690,H508307001,2005-01-01,2023-10-15,3878.699999999999,5296.400000000014,7419.799999999996
691,H509101002,2005-01-01,2023-10-15,73152.7499999999,98086.70000000007,128490.59999999999
692,H510203001,2005-01-01,2023-10-15,14746.7,18419.4,25405.199999999993
693,H510204001,2005-01-01,2023-10-15,2872.2499999999973,3807.800000000001,5123.749999999999
694,H511231001,2005-01-01,2023-10-15,9477.000000000002,12531.599999999993,17647.1
695,H512234001,2005-01-01,2023-10-15,15995.849999999999,20892.600000000002,30231.799999999996
696,H512235002,2005-01-01,2023-10-15,22339.75,28971.0,40118.25
697,H513061010,2005-01-01,2023-10-15,227.0,249.0,305.0
698,H513062011,2021-11-30,2023-10-15,908.0,942.4000000000005,1047.6499999999996
699,H514261001,2005-01-01,2023-10-15,3023.0,4070.0,5873.0
700,H514262001,2005-01-01,2023-10-15,4758.900000000001,6171.599999999999,9276.099999999999
701,H515301001,2005-01-01,2023-10-15,2406.0,3213.800000000001,4918.9
702,H517201001,2005-01-01,2023-10-15,53030.2,66679.6,88700.39999999997
703,H517311001,2005-01-01,2023-10-14,1664.0,2577.0,4137.0
704,H520101003,2005-01-01,2023-10-15,117431.2,152754.6000000001,222463.24999999994
705,H520421001,2005-01-01,2023-10-15,1213.0,1508.0,2095.0
706,H521331001,2005-01-01,2023-10-15,937.0,1119.9000000000005,1430.0
707,H522431001,2005-01-01,2023-10-15,577.1999999999998,697.8000000000002,971.3999999999996
708,H524301001,2005-01-01,2023-10-15,804.0,979.0,1313.0
709,H530202001,2012-11-14,2023-10-15,3520.75,5234.5,8557.5
710,H541203001,2005-01-01,2007-10-15,1331.5999999999995,1622.1000000000004,2247.6
