,station,nb_jour,erreur,NB_valeur,quantile_95,quantile_90,quantile_85
0,1015000101,1460,74.90341305892487,3789,14,31,39
1,1025000101,1460,64.3004534231489,2457,5,6,6
2,1110000101,1460,48.06092385475876,4284,1358,1380,1392
3,1120000101,1460,190.4205767159638,2106,1460,1460,1460
4,1221000101,1460,159.78393428717717,24,1460,1460,1460
5,2014000101,1460,65.49235721497232,4599,0,0,0
6,2101000102,1460,34.52648264409145,4608,292,366,411
7,2205000101,1460,77.13617436359648,4457,793,814,823
8,2221000101,1460,79.42595812237441,4613,0,0,0
9,2225000101,1341,348.93121136738114,3848,1015,1030,1036
10,2225000301,1180,162.6938710357361,458,930,942,951
11,2301000101,1460,70.94468002880025,2505,0,0,0
12,2301000201,1460,37.62349819889653,992,0,0,0
13,2302000101,1460,212.25971216535925,3838,215,263,294
14,2320000101,1458,115.62318787166677,1521,24,31,39
15,2329000101,1460,56.44719014760602,3165,21,27,30
16,2402000101,1434,284.0796274786152,2024,121,133,135
17,2423000102,1460,46.94788512106186,4506,163,217,252
18,2501000101,1460,78.6990441789461,5068,0,5,7
19,2503000101,1460,87.79238629175616,5899,228,256,272
20,2503000301,1460,61.83234795846245,2564,641,704,729
21,2504000101,1460,379.2987118757923,4617,412,480,512
22,2511000101,1460,30.925951105924355,4570,0,0,0
23,2512000101,1460,50.10894606894676,4890,399,458,483
24,2512000201,1446,55.890717743208555,4222,207,269,297
25,2512000301,1460,553.9248226008748,4738,349,413,442
26,2512000401,1403,47.16456920667626,1496,843,896,911
27,2521000102,1460,153.4829399080395,5334,691,701,705
28,2521000401,1460,39.5429028916252,1493,764,780,792
29,2533000102,1460,577.7439776272037,4704,687,709,718
30,2544000101,1460,66.49518863444803,3193,0,0,0
31,2623000101,1460,292.6195522937169,4205,133,147,164
32,2715000101,1460,inf,4454,0,0,0
33,2803000101,1460,263.2114652146806,2753,0,0,0
34,2803000102,1382,89.96916064140926,940,256,270,281
35,2812000101,1460,284.7791638969215,4285,171,192,207
36,2824000101,1460,1254.873012190081,4565,106,123,142
37,3021000101,1457,134.00043540911707,906,0,0,0
38,3033000301,1457,61.862229503936916,830,0,0,0
39,3033000401,1446,53.24837030674813,897,0,0,0
40,3033000501,1404,200.50855120013802,803,93,99,105
41,3035000101,1454,213.15622006072164,968,336,386,408
42,3036000101,1460,54.76143918894707,897,0,0,0
43,3052000101,1453,37.52108704847969,875,0,0,0
44,3053000101,1366,94.83211494394112,754,71,82,86
45,3054000101,1094,699.9445897961518,179,465,487,497
46,3092000101,1443,52.07099429869682,875,258,276,299
47,4000000101,1460,107.67778544259583,1306,139,141,143
48,4001000201,1460,79.32268361897789,3767,486,506,518
49,4012000101,1460,55.268234532783886,3878,1162,1167,1170
50,4013000201,1460,177.60581638424748,3926,585,586,587
51,4013000401,1458,504.619276656965,237,695,705,716
52,4020000101,1460,121.47720621223989,3139,520,524,526
53,4021000101,1460,443.95144819011654,149,459,473,477
54,4022000101,1460,1411.845553461727,559,1460,1460,1460
55,4030000201,1460,1365.3282861420867,3628,830,892,923
56,4030000301,1460,231.1473282148421,4065,204,231,250
57,4030000401,1460,inf,3867,640,654,658
58,4030000601,1460,201.7155334918952,3852,313,335,353
59,4030000901,729,260.2377010578474,272,246,251,254
60,4031000101,1460,inf,560,1146,1146,1146
61,4032000401,1460,66.63970071947783,3918,365,378,389
62,5041000101,1460,102.20583280496325,6334,752,752,752
63,5143000101,1076,131.50090682034502,622,528,528,528
64,5220000101,1460,109.72284660325853,2997,1395,1395,1395
65,5221000101,1460,89.15072018191161,6664,793,793,793
66,5221000201,1460,167.37122357912477,2789,1424,1424,1424
67,5241000101,1460,197.47203697806722,3711,1460,1460,1460
68,5424000102,1460,52.145333858743406,393,0,0,0
69,5522000101,1459,113.96174563486905,2623,914,914,914
70,6000000102,1407,64.93753655560973,960,915,915,915
71,6020000101,1460,67.88711245482276,6119,860,860,860
72,6122000301,1460,212.19652183794872,2775,1414,1414,1414
73,6242000101,1460,170.01820237298202,2772,1384,1384,1384
74,7050000101,1459,145.79780781999386,3831,1459,1459,1459
75,8031000101,1460,86.61492372938531,193,1460,1460,1460
76,8032000101,1460,76.54299911572994,5787,859,860,860
77,9104000101,1460,58.75155401077985,6200,986,986,986
78,9110000101,1460,352.35853858513786,2646,1391,1391,1391
79,9121000101,1460,128.90418056462119,2326,950,952,953
80,9121000102,1423,77.91217252050988,1567,986,986,987
81,9131000101,1460,117.51702773635509,2610,419,419,419
82,9134000101,1460,1387.0418445680286,317,1460,1460,1460
83,A021005050,1454,101.30081157903919,3580,1454,1454,1454
84,A022020001,1460,54.05145251131567,6623,0,0,0
85,A041030001,1460,21.32222767691081,6486,1460,1460,1460
86,A052033001,1460,29.13994462901383,4400,0,0,0
87,A052034001,1460,18.882131788422605,3725,1460,1460,1460
88,A052055001,1460,13.509374063066268,364,0,0,0
89,A053074001,1460,30.18667129223005,5082,751,789,803
90,A053074201,1334,113.21615540583845,892,15,19,20
91,A060005050,1460,35.08697961510748,3199,1460,1460,1460
92,A061005050,1460,1377.7765517209905,1312,0,0,0
93,A061005051,1460,22.21461497689574,3524,1460,1460,1460
94,A100003001,1460,82.71912905172594,6218,341,364,380
95,A105003001,1460,73.71452880245289,6862,805,823,830
96,A107020001,1460,239.47176358963236,6860,321,363,376
97,A112010001,1460,97.4827941924189,6862,543,558,568
98,A112010002,1460,62.83478633758798,3322,712,743,754
99,A112020001,1460,403.4884218756856,1104,0,0,0
100,A113030002,1460,inf,3490,306,323,329
101,A115020001,1460,139.03428381010025,6862,684,694,694
102,A116003002,1460,122.30907694586557,6862,721,724,728
103,A116003004,1170,143.05943310568586,728,790,801,801
104,A116003101,1081,932.8455199132441,1735,1081,1081,1081
105,A120020302,1460,188.25635165027145,6796,506,549,567
106,A121000101,1460,341.5152570723921,3447,938,949,956
107,A122201002,1460,94.61306923426817,733,0,0,0
108,A124020101,1460,187.5435992388583,6269,1025,1034,1038
109,A125020001,1460,199.89366131929182,6860,839,845,850
110,A130000101,1459,113.99222386575917,3570,1424,1428,1428
111,A133003001,1460,75.30119225118078,6862,864,864,865
112,A133043301,1460,22.121482139425172,1045,1283,1297,1306
113,A140202001,1460,307.2070428987985,6862,614,657,669
114,A143020002,1460,251.96573199338985,6862,1430,1436,1438
115,A146020302,1460,264.1385679961332,6859,1042,1045,1046
116,A147004001,1460,148.87426108905655,6862,906,909,909
117,A147004101,1460,128.33682765672873,1402,958,961,963
118,A150020001,1460,190.67038559554,6654,856,878,893
119,A152020001,1460,211.16845301637204,6860,823,840,847
120,A156020101,1460,653.0837717494871,3213,814,817,818
121,A161003001,1460,75.03169516484104,6861,915,915,918
122,A201010001,1460,230.84424578471206,5913,1283,1297,1303
123,A202030001,1460,162.2879432472507,6860,1001,1025,1041
124,A204010001,1460,429.1972362010196,3337,1455,1456,1456
125,A204010101,1460,130.8138502883097,738,0,0,0
126,A204010201,1460,425.7352451652423,6237,1125,1131,1135
127,A204010301,904,123.05486514646846,461,0,2,11
128,A210020101,1460,87.18920354727788,2302,411,432,443
129,A211030001,1460,93.09381219100396,6862,579,589,605
130,A212020001,1460,162.87729695700583,6255,1081,1102,1112
131,A212020002,1460,38.00807904045834,731,129,131,131
132,A214010001,1460,208.71602706287234,6860,1051,1053,1054
133,A214010102,1411,549.7480822574923,1287,1145,1150,1151
134,A215030001,643,2494.2571707702264,201,121,126,131
135,A216010201,521,155.72071313516406,59,68,71,73
136,A220000101,767,155.7205960055193,325,349,349,349
137,A225020001,1460,41.324888403528234,3390,1460,1460,1460
138,A226020001,1460,51.039280849197745,5115,767,770,775
139,A226032002,1460,16.257156835610274,1661,1460,1460,1460
140,A226032101,1460,282.0078700108004,955,381,419,440
141,A228003001,1460,13.746439552205677,6862,1460,1460,1460
142,A231020001,1460,inf,6862,623,636,644
143,A234021001,1460,92.32689144390713,6862,653,665,672
144,A235020001,1460,inf,6087,807,813,817
145,A235020002,1460,216.08012960585205,733,0,0,0
146,A236003001,1460,62.143147301692395,6245,1156,1158,1158
147,A237003001,1460,40.390831139987164,6565,1441,1441,1441
148,A242020001,1460,65.56804204169629,1916,1460,1460,1460
149,A242020101,1460,160.19657398438545,6441,1231,1259,1289
150,A243003001,1460,6.952275014317341,6862,1460,1460,1460
151,A251020001,1460,58.57451577721905,6862,577,629,643
152,A261020001,1460,81.55269297576955,6862,436,481,492
153,A273011002,1460,69.26665248212373,6862,904,912,916
154,A284020001,1460,82.92496557245012,6860,494,522,532
155,A285011001,1460,98.96496613415096,6221,876,877,878
156,A286011003,1460,66.62669878932455,6862,834,840,840
157,A302009050,1460,31.999170368362673,6862,1460,1460,1460
158,A312000101,1460,57.89390370931966,3210,927,959,981
159,A325021001,1460,28.9819568779925,6862,758,779,784
160,A330010001,1460,36.76626532566274,6862,851,856,858
161,A341020001,1460,101.33374396170385,6862,507,525,529
162,A343021001,1460,93.02527020310667,6310,605,662,685
163,A348020001,1460,87.16014235911005,6862,662,667,671
164,A350010001,1460,61.194827335064794,6861,804,806,806
165,A355005050,1460,97.36366371494728,3587,1460,1460,1460
166,A368021001,1460,401.679512089275,6862,481,496,504
167,A369011001,1460,72.70787173618614,6862,687,697,705
168,A373020001,1460,187.33054559440575,6862,517,529,536
169,A375005050,1460,101.80389600628288,3589,1460,1460,1460
170,A380020001,1460,15.47300387203493,6862,1358,1409,1420
171,A402061001,1460,191.62676879323658,6830,774,777,779
172,A405062001,1460,245.88406125021214,6852,1073,1078,1081
173,A414020201,1460,359.41795075869607,6551,1309,1318,1322
174,A414020202,1460,126.78924415050805,561,0,0,0
175,A417301001,1460,99.60052363929366,6764,808,836,852
176,A420063001,1460,246.23177505001635,6856,1109,1113,1114
177,A420063002,1132,31.900233715554883,43,871,871,871
178,A433301001,1460,51.433300675054404,6727,656,677,688
179,A436203001,1460,84.7409810554102,6843,1016,1016,1016
180,A443064001,1460,128.72882508349528,6862,1066,1069,1069
181,A455000201,1460,184.45493629501826,3287,1153,1153,1153
182,A463201001,1460,157.23334734587672,6617,472,482,488
183,A500201001,1460,107.59769932647696,1087,0,0,0
184,A511061001,824,1573.654704918063,277,588,589,589
185,A511061002,1460,70.01225805909938,5018,981,983,983
186,A523011001,1460,137.4646924537836,5019,574,582,586
187,A524201001,1460,99.31443997698449,6836,610,629,637
188,A526102001,1460,97.07300707450301,6849,698,708,710
189,A526102003,1460,139.01495011170994,636,1460,1460,1460
190,A530301001,1460,46.19920812307574,1244,0,0,0
191,A542201001,1460,562.487894676738,893,1460,1460,1460
192,A542201101,1269,1165.905394765075,827,429,439,448
193,A543101001,1460,716.2690985166015,6846,695,696,697
194,A550061001,1460,94.96957245139235,6850,980,980,980
195,A562201001,1460,2748.5536020175887,1135,0,0,0
196,A573061001,1460,1043.753222209437,6842,894,894,894
197,A600101001,1460,67.08447650149236,6856,1211,1240,1266
198,A605102001,1460,55.39436639914213,6855,945,946,948
199,A615103001,1460,55.7069391694361,6846,913,914,914
200,A623201001,1460,125.01444730462038,6821,1460,1460,1460
201,A631101001,1460,108.0917264165657,2375,1460,1460,1460
202,A631101003,1460,80.2901354213333,2839,1093,1093,1093
203,A634101001,1460,2151.3210224613536,6756,1086,1089,1089
204,A634101002,1460,70.14763965421793,2836,1045,1045,1046
205,A643112001,1460,171.94608553006393,1777,1460,1460,1460
206,A643112002,1460,46.06983969472473,5030,638,700,733
207,A643112003,1460,99.96769654270257,1093,1460,1460,1460
208,A644301001,1460,331.20144035099406,1172,443,475,488
209,A654111001,1460,211.5724749363498,6829,524,525,525
210,A654301001,1460,281.502309070376,588,30,39,42
211,A657111001,1460,196.05546763841372,6840,536,537,537
212,A662121201,1460,48.78006333537773,4974,871,903,915
213,A662121202,1460,41.922157222209606,1730,0,0,0
214,A664031001,1434,100.05435637980975,27,957,957,957
215,A664031002,1460,135.65315728071238,1907,250,276,285
216,A670121001,1460,98.35846757291442,6838,639,652,656
217,A673122001,1460,120.96614459096313,6862,597,599,602
218,A676101001,1460,72.8720036727375,6861,741,743,744
219,A681201001,1460,251.06802485999827,218,0,0,0
220,A686000101,1460,315.5718179442775,1739,540,547,549
221,A687201001,1460,523.8418861435787,6794,664,680,690
222,A692101001,1460,74.49000743943294,6844,769,770,772
223,A694102001,1460,355.5498006428644,1194,1460,1460,1460
224,A694102004,1460,39.507667260520186,3747,1092,1093,1093
225,A695301001,1460,2118.770967131561,357,0,0,0
226,A701061001,1460,67.68553630392195,6862,885,885,885
227,A712201001,1460,105.10846355091029,6828,552,555,556
228,A721301001,1460,73.21600706802079,1275,0,0,0
229,A735201001,1460,94.01061052111964,6862,699,707,714
230,A740000101,1459,198.51370919429877,3154,1113,1113,1113
231,A740000102,1446,41.60621554814092,311,1301,1301,1301
232,A743061001,1457,30.169121613088638,204,1263,1263,1263
233,A758102001,1460,99.37314199678727,6850,580,592,594
234,A764201001,1460,238.1493227553706,2988,475,486,492
235,A770101001,1460,1133.9107798224613,6861,596,604,609
236,A782101001,1460,98.3003382297188,6862,666,672,672
237,A788101001,1460,3087.4903134311885,3960,1460,1460,1460
238,A788101002,1460,155.1851874271981,2937,648,649,649
239,A793061001,1460,59.40238037037946,2297,1424,1424,1424
240,A793061002,1460,269.5590020048331,3974,1270,1270,1270
241,A800621001,1460,1741.4620591802684,6858,793,858,891
242,A802101001,1460,1056.488802273422,6842,869,894,904
243,A807101001,1460,1216.3729295078615,6854,871,875,878
244,A812020101,1460,inf,3613,504,519,528
245,A812200001,1460,237.96696259509207,6808,554,579,596
246,A820101001,1460,10258.391561322916,6126,993,1002,1003
247,A830020101,1460,inf,3503,180,235,259
248,A831030001,1457,1030.800818161349,2834,390,404,412
249,A832201001,1460,1877.061970687413,6860,1135,1160,1179
250,A840101001,1460,389.0090691687647,6849,950,951,951
251,A842020101,1459,127.45505738967766,1203,142,154,161
252,A843101001,1460,200.60832875870514,6858,962,963,964
253,A850061001,1460,63.51562776485062,6861,909,909,909
254,A851020501,1460,70.30413762048236,1347,565,585,596
255,A860304001,1460,126.69905975978573,2998,162,186,204
256,A861202001,1460,205.49125578844604,6132,1450,1458,1460
257,A864030001,1460,764.4292611052653,3575,406,415,422
258,A873201001,1460,93.96818472586278,6854,573,618,640
259,A890201001,1460,29.168118961506174,730,425,506,542
260,A891030101,1457,85.51201402642191,3306,0,0,0
261,A900105050,1460,72.5066687163972,6828,483,495,502
262,A901305050,1460,39.22477259902823,6761,638,667,676
263,A902101050,1460,119.10685328994445,5500,580,593,598
264,A902102050,1460,88.76648066160138,6827,595,598,602
265,A902102101,1460,37.635706924872956,2892,906,924,931
266,A906215050,1460,131.320698334339,6717,528,530,531
267,A907105050,1460,100.67717850350051,6847,599,601,601
268,A909106050,1460,131.15003334950742,6861,576,578,578
269,A919205050,1460,215.99773445127545,4525,943,949,949
270,A920107050,1460,85.67695610959292,5765,889,890,895
271,A923205040,1460,84.25159329236614,4683,764,793,807
272,A926000101,1460,102.07627866004039,6815,571,575,581
273,A930108040,1460,127.40896099861958,6822,610,611,611
274,A931108050,1460,102.8130414652553,2802,535,537,537
275,A931108060,1460,108.06242810670102,5183,559,561,562
276,A931109050,1460,846.4569770580903,2551,1460,1460,1460
277,A932215050,1460,24.396391249621995,6862,390,417,423
278,A937203050,1460,36.156292462515324,3555,1048,1054,1056
279,A937204050,1460,47.81155078781117,3546,851,856,856
280,A937205050,1460,85.69883908838344,5173,562,563,563
281,A937205051,1460,48.80141933793406,3151,1071,1073,1073
282,A937205301,1460,45.56546724453181,1816,1032,1034,1036
283,A940000101,1460,58.01460310146972,3037,870,872,872
284,A953205050,1460,62.25697664687642,5494,744,812,847
285,A953205060,1460,241.01010211167798,436,0,0,0
286,A961205050,1460,30.070026403094307,6050,0,0,0
287,A973121001,1460,154.12379949656648,6609,735,746,750
288,A975201001,1460,100.95808705072777,6861,698,701,703
289,A983201001,1460,208.99808642119112,6796,628,640,644
290,A986201001,1460,118.98292199640856,6862,698,702,702
291,A994202001,1460,86.14263046372085,6862,705,710,711
292,A994202002,1460,461.5549171070842,376,0,0,0
293,B022001001,1460,496.0344932851596,6862,759,762,764
294,B105201001,1460,240.7517067083233,6742,672,684,695
295,B109201001,1460,425.04114214251223,6862,726,732,735
296,B110000001,1460,336.37087456384097,6862,804,804,804
297,B115001001,1460,178.3599846062282,6862,884,884,886
298,B122201001,1460,98.35202965593267,6123,747,752,758
299,B128201001,1460,169.12104736896018,6862,744,750,752
300,B130001001,1460,179.02816984908074,6342,984,985,985
301,B134001001,1460,151.2756287775542,6858,866,866,866
302,B134001002,1460,204.62220997007847,4273,943,943,943
303,B201201001,1460,347.77018610789014,475,1460,1460,1460
304,B204201001,1460,inf,6862,414,419,421
305,B210000101,1460,253.02635740977183,2679,968,968,968
306,B213001001,1460,135.7267377075222,6862,928,928,928
307,B222001001,1460,102.9500986837237,6862,918,918,918
308,B300301001,1460,174.07110620132445,331,0,0,0
309,B301001001,1460,81.55852121631798,6862,924,924,924
310,B301001002,1427,15.207009189350613,33,1320,1320,1320
311,B315002001,1460,86.38091957459194,6862,935,935,935
312,B400101001,1460,195.51610815895214,6862,1191,1221,1228
313,B400101101,1054,560.8983872199818,1802,211,218,223
314,B402101001,1460,147.36478219662138,6841,1293,1305,1311
315,B403101001,1460,122.49670107526218,6862,1384,1391,1398
316,B413201001,1460,94.15022601184695,6862,986,999,1007
317,B422431001,1460,45.502733301010664,6794,1422,1432,1436
318,B422431101,1423,59.63962389999751,3222,867,872,874
319,B423000102,469,54.34779506058042,27,407,407,407
320,B431020001,1460,183.24625707410954,734,1460,1460,1460
321,B435201001,1460,85.48294711157138,6614,517,525,525
322,B453000101,1460,939.0225653689033,1331,502,506,507
323,B457201001,1460,359.6685750729294,6851,930,933,934
324,B460101001,1460,103.28283424875818,6829,1372,1374,1375
325,B463101001,1460,99.55263854693021,6862,1426,1428,1428
326,B466010101,1460,143.69161635972597,5691,1457,1457,1457
327,B502001001,1460,80.91826272228572,6836,1000,1000,1000
328,B517201001,1460,294.8021101936033,6838,1393,1400,1407
329,B532201001,1460,129.3422047442028,6862,1167,1190,1201
330,B557201001,1460,173.8264834444032,6862,1214,1223,1231
331,B560010101,1460,20.47968497997406,1135,1362,1362,1362
332,B610000201,1423,174.22636941012289,3216,742,742,743
333,B610000301,1423,134.33478283234456,3209,711,712,713
334,B610000401,1423,148.8046253120069,3217,726,727,727
335,B610000601,1423,151.30331065936775,3201,712,712,713
336,B610000701,1413,132.95754976245578,2132,536,542,546
337,B610000801,1413,1072.409645075788,2132,509,510,510
338,B611101001,1460,371.2527226356122,6862,1333,1334,1335
339,B700001001,1460,76970.53117863854,2418,85,85,85
340,B700001002,1460,141.7358896772759,13,1194,1194,1194
341,B713000101,1423,309.73105481110804,3228,1004,1009,1015
342,B713000201,1410,197.08718005656752,2049,537,541,543
343,B713000301,1413,325.05620950510144,2116,509,511,513
344,B720000001,1460,128.40747655350737,6862,1123,1123,1123
345,B720000002,1460,91.21571123087165,6813,989,989,989
346,B732201001,1460,48.63033594287888,2895,563,568,568
347,B732201101,1423,539.9151956815288,3059,915,935,950
348,D013701001,1460,181.14982098684249,6799,789,810,826
349,D013702001,1460,248.1685822750122,6846,972,989,993
350,D013705001,1460,552.3693881702771,6569,566,606,623
351,D015651001,1460,320.0250242111556,6861,920,933,943
352,D015652001,1460,181.13640596607218,6737,1192,1204,1209
353,D015656001,1460,460.85806244835135,6070,1101,1119,1126
354,D015850001,1460,59.91157299319497,6676,81,145,178
355,D016221001,1446,32.76261348425928,249,1339,1339,1339
356,D018600001,1460,29.403186990206393,5189,0,18,51
357,D019223001,1460,3015.77059039108,6644,662,664,664
358,D019701001,1460,441.2711915104176,6539,121,236,288
359,D019801001,1460,81.61468372978695,5108,0,0,0
360,D019801201,1187,1880.6324001419512,745,978,979,981
361,D020601001,1460,90.17155059987316,6855,683,721,740
362,D020602001,1460,96.93142980677692,6835,574,603,628
363,E131000202,1460,22.590922282244737,3296,1460,1460,1460
364,E156371001,1460,100.90968587301255,3112,1460,1460,1460
365,E156371002,1427,56.07716643118741,1131,996,1011,1016
366,E156601001,1460,1980.3535342228386,6486,1026,1148,1203
367,E171551101,1446,629.6475348047526,1082,787,789,791
368,E172601002,1460,41.67835915681016,6674,828,937,975
369,E172751001,1460,73.63304349791684,6862,206,236,258
370,E172751201,1457,393.60068682421513,1080,678,679,679
371,E176601001,1460,45.939004029451944,6852,105,147,186
372,E182702001,1460,57.31790230633038,6844,557,565,571
373,E201000301,1460,110.86465754090102,3940,998,1076,1095
374,E207111002,1460,626.2108056753093,4729,0,0,0
375,E207111003,1398,11667.641862780853,1237,948,948,948
376,E236741001,1460,214.19859229203539,6632,369,391,397
377,E236831001,1460,63.358184297804684,1785,0,1,5
378,E237110501,1460,inf,6054,579,581,582
379,E237601001,1460,163.3089408642773,4129,476,482,484
380,E237721001,1460,inf,4026,467,474,476
381,E240041101,1460,84.23804647935327,6001,700,700,701
382,E301000301,1194,32.8660096276132,1538,1033,1062,1075
383,E310211001,1460,105.18395804297325,3743,1363,1367,1368
384,E334601001,1460,308.1026774780761,6726,213,253,271
385,E334602001,1460,166.7590102718932,5767,0,0,0
386,E334602201,1460,281.4913800665694,1202,152,165,167
387,E338351001,1460,63.35230073494,2435,1298,1306,1310
388,E341210001,1460,80.91718132907873,1945,0,0,0
389,E351121001,1460,26.453362778643054,6862,690,717,739
390,E351122001,1460,25.302765703466928,6853,889,901,906
391,E351851001,1460,72.68010933910865,6794,470,499,510
392,E361121001,1460,139.66508487466174,4954,1382,1391,1395
393,E364621001,1460,31.821060323930823,6862,763,786,797
394,E364628001,1460,65.49768953285967,5230,807,846,871
395,E365851301,1458,inf,1881,546,549,550
396,E366060001,1460,40.89499025918385,2158,0,0,0
397,E366060002,1460,124.99726806631824,4460,1250,1274,1288
398,E366600501,1460,59.31128124033581,5035,268,319,346
399,E366601001,1460,121.5110487010012,4930,1419,1429,1441
400,E367125002,1460,77.54856633057831,5987,681,682,683
401,E381126501,1460,164.17746627691741,5234,1341,1342,1344
402,E403571001,1460,156.34700475401607,6336,1124,1129,1131
403,E403571003,1095,21.25312878931198,653,978,979,982
404,E403572001,1460,55.32806955287444,6826,635,642,647
405,E403573001,1460,53.37030774251165,6835,814,819,826
406,E403653001,1460,39.82093658372434,6862,587,616,627
407,E403653301,1460,34.36821857609724,3167,846,855,861
408,E430601001,1460,32.774484714287844,6818,709,720,725
409,E430602001,1460,60.644731605775284,5924,795,803,806
410,E490571001,1460,1706.0578244770127,6712,534,536,538
411,E490571002,811,2729.2215591852796,366,420,422,423
412,E490571101,1460,inf,6647,294,341,357
413,E490700501,1460,1114.8281063626775,6830,368,395,415
414,E490940501,1460,39.620032849849466,6100,23,44,59
415,E490941401,1460,137.98300958981977,4940,544,549,553
416,E510571001,1460,149.00799588946282,6817,531,541,544
417,E520571001,1460,265.6151103495621,6862,711,732,739
418,E520571202,1453,240.74342506547484,1725,607,612,617
419,E530021001,1460,72.31834456539364,6862,725,735,745
420,E531022001,1460,83.9976058423147,3937,689,690,692
421,E540031001,1460,27.799054799398924,6862,1460,1460,1460
422,E540651001,1460,12.948486185480675,6862,1460,1460,1460
423,E541000101,1460,34.80837916829523,3432,814,824,830
424,E550572001,1460,24.859401488414072,6862,1460,1460,1460
425,E550572601,1460,36.662001068434805,1425,1173,1175,1176
426,E633095001,1460,inf,5163,526,561,571
427,E635140201,1460,35.55564559539769,6861,1041,1050,1055
428,E635142002,1460,29.53777167368813,6664,964,984,1002
429,E635142501,1460,29.561277526629148,234,0,0,0
430,E635142602,1460,95.3466850906269,3884,1460,1460,1460
431,E638607001,1460,23.04367014194208,6862,1243,1333,1375
432,E639701001,1460,41.78856599330788,6861,85,176,239
433,E639703001,1460,439.7904447256012,5257,1203,1232,1246
434,E639703002,1460,45.40777958128043,1500,752,768,776
435,E640091001,1460,31.537345244429883,6862,1399,1403,1406
436,E640600202,1460,inf,235,1460,1460,1460
437,E640601001,1460,31.747781040278856,6839,814,831,842
438,E640603501,1460,171.0688101876305,4547,0,0,6
439,E640754001,1460,29.548854946302455,4881,1247,1375,1420
440,E642601001,1460,14.783930611879029,6862,1460,1460,1460
441,E644000101,1460,17.63055813964632,167,0,0,0
442,E645651001,1460,28.380834972139475,4900,177,216,228
443,E645651601,1460,25.711860228058203,2056,1118,1153,1158
444,E645651701,1460,16.81045314290353,2765,1444,1452,1460
445,E647091001,1460,173.25858315514685,305,0,0,0
446,E647091002,1460,104.25779452845312,5788,1460,1460,1460
447,E647091003,1247,23.03252086650896,804,1247,1247,1247
448,E648093001,1460,15.400125750787552,6818,1460,1460,1460
449,E648093401,811,68.12687125359626,63,229,229,229
450,E649563001,1460,inf,2978,580,583,584
451,E649831501,1460,31.94095705748909,6552,661,698,710
452,F001000101,1460,104.5783244513053,6238,424,433,447
453,F002000101,1460,124.677398687634,6265,413,426,434
454,F041000201,1460,94.4371186473317,6156,618,636,640
455,F128000101,1070,2719.8034559934986,616,347,347,348
456,F232000101,1460,23.837938513848908,6790,1460,1460,1460
457,F240000102,1430,81.30367385929695,429,704,704,704
458,F240000103,1460,312.94071372733015,3908,1460,1460,1460
459,F240000106,1460,75.45866949981833,2905,776,776,777
460,F324000201,1460,inf,2415,451,462,467
461,F330000101,1460,199.776312896124,2064,450,454,456
462,F332000201,1460,4521.460968296731,4482,416,472,502
463,F333000201,1460,inf,6723,614,630,636
464,F351000103,1460,1353.680633449086,52,0,0,0
465,F351000104,1460,76.92062206963118,5034,912,912,912
466,F351000109,1460,89.96585930677155,1890,599,599,599
467,F352000101,1460,95.86740640599554,4539,561,628,665
468,F352000201,1460,125.03946620164929,2790,1460,1460,1460
469,F357000101,1460,20.20435966006658,6862,980,987,992
470,F358000402,1460,73.65029139156638,5892,888,889,889
471,F400000101,1431,6.95412101239133,6,12,12,12
472,F400000102,1460,99.44659075494782,3359,1185,1186,1186
473,F410000101,1460,77.01393819957237,6197,485,531,545
474,F410000601,1460,90.5427661747,6858,760,770,775
475,F411000101,1460,145.2751308395537,6862,361,386,402
476,F413000101,1460,131.15841038969825,6862,655,675,683
477,F414000401,1460,60.80869398828137,853,441,480,508
478,F415000101,1460,59.682145163390466,6862,854,867,870
479,F416000102,1458,679.8718729457564,1843,698,716,734
480,F416000103,1460,98.47901120428172,410,0,0,0
481,F416000201,1460,53.7208367950021,6862,841,849,852
482,F422000201,1460,90.93539139048114,6862,913,914,914
483,F428000101,1460,24.030263205038374,6862,803,836,848
484,F429000101,1460,92.64625107257761,2676,1427,1460,1460
485,F438000101,1460,44.049573122694454,6862,95,124,140
486,F438000201,1460,34.73008816916869,6862,389,437,459
487,F439000101,1460,39.62500863671654,6862,960,960,961
488,F439000201,1460,18.214495126974974,2258,0,0,0
489,F439000301,1460,21.57686805257464,5492,20,94,139
490,F445000101,1460,inf,6862,369,387,403
491,F447000301,1451,48.10441946929601,129,1433,1433,1433
492,F447000302,1460,40.9772896308526,6862,934,934,934
493,F450000301,1460,78.94373193382368,2099,0,0,0
494,F453000101,1460,25.887351264709825,6862,1200,1216,1223
495,F456042001,1460,20.004990034509802,3246,1448,1460,1460
496,F459000101,1460,22.79877687401883,6862,1392,1398,1403
497,F459000102,1460,24.417133103216507,3244,1460,1460,1460
498,F461000102,1460,36.845319603692964,6862,0,0,0
499,F461000401,737,78.76762394425263,285,550,573,587
500,F461000501,735,80.62057201047867,293,0,0,0
501,F462000101,1460,112.07306899124158,6862,725,784,817
502,F462000401,1413,61.74677192479003,1689,47,53,58
503,F463000101,754,697.5747077919146,312,234,249,262
504,F464000102,1460,inf,3146,956,986,1005
505,F464000201,1460,42.65791085875173,6775,980,997,1011
506,F464000202,1460,36.65420005413315,429,291,294,295
507,F464000203,505,126.84239739790219,51,51,52,53
508,F465000101,1460,46.871432952424854,906,0,0,0
509,F466000101,1460,83.51835815657552,6862,959,972,994
510,F467000101,1460,57.79763306945308,6862,1178,1196,1208
511,F467000102,1460,79.22422028253233,383,80,80,82
512,F474000102,1460,559.1592041490383,6862,656,661,663
513,F483000201,1459,519.9064297784199,460,782,786,788
514,F483000202,1460,345.6544171520474,6499,1127,1137,1141
515,F486000101,1460,259.4771006503923,6224,42,80,105
516,F486000102,1460,96.28554693200786,754,1381,1460,1460
517,F490000103,1460,201.49453280081602,80,1460,1460,1460
518,F490000104,1460,39.541973946593906,6862,931,931,931
519,F521000201,1460,439.1672603087168,2215,571,577,579
520,F606000101,1100,63.3693228023865,658,985,987,987
521,F613000102,1460,121.47248446227503,4204,1299,1300,1300
522,F619000101,1460,233.06284380225318,6503,1460,1460,1460
523,F622000402,1460,54.982839037074136,6849,1271,1272,1273
524,F624000201,1460,106.27830651415944,6862,818,828,836
525,F625000101,1460,110.75504376291579,6862,1009,1018,1023
526,F641000101,1460,44.24273713821259,6862,537,618,658
527,F652000101,1460,110.73503180986076,6862,1296,1335,1349
528,F654000501,1460,585.0712330066917,4835,0,0,0
529,F654000601,1460,inf,2988,0,0,0
530,F654000701,1460,inf,2329,0,0,0
531,F654000801,1460,inf,5372,0,0,0
532,F655000101,1460,87.19278391209957,6862,1317,1329,1334
533,F655000102,578,10.416399490465807,136,458,465,468
534,F657000201,1460,102.58936950519464,5490,492,498,504
535,F658000101,1460,62.55413656674415,52,1460,1460,1460
536,F658000201,1460,226.75633047093515,80,1456,1456,1456
537,F658000202,1460,inf,4747,1378,1380,1381
538,F663000101,1460,123.2488600110097,2620,0,0,0
539,F664000104,1460,61.9377750394727,6862,1314,1315,1315
540,F664000106,1460,10.11750701810322,87,0,0,0
541,F664000404,1460,158.66579970410982,1046,762,763,764
542,F700000102,1171,24.082926790345105,181,1171,1171,1171
543,F700000103,1460,82.00882829134304,6470,1372,1372,1373
544,G017042010,1460,13.810610137463689,6862,1460,1460,1460
545,G111041010,1460,17.015211681884416,6857,1101,1136,1156
546,G206021010,1460,32.83452629291712,6547,883,886,889
547,G223041010,1460,22.226417386274182,6730,1114,1135,1150
548,G224000101,1460,24.386199615687445,1521,1460,1460,1460
549,G310061201,1460,17.618756309994644,708,1418,1439,1445
550,G400022010,1460,17.507585626246737,6856,0,8,20
551,G400022101,1460,15.646061208584944,811,1460,1460,1460
552,G410000301,1116,17.487002690827946,674,0,0,0
553,G510061010,1460,43.709493800591865,6584,0,0,0
554,G510061201,1427,20.590487580470732,510,0,0,0
555,G600061010,1460,21.520058561254512,6861,1460,1460,1460
556,G700021010,1460,63.05372088555307,6556,1460,1460,1460
557,G710061010,1460,132.96944134679046,6856,1460,1460,1460
558,H002001001,1460,136.83501758871202,6862,701,704,709
559,H005000101,1460,380.5934930748428,3834,381,384,385
560,H010001001,1460,96.16470286922554,6862,780,780,783
561,H010002001,1460,62.66765373133148,6853,840,843,845
562,H011001201,1026,19.852916766961258,584,713,756,777
563,H020302002,1460,107.4057285713405,6862,721,724,726
564,H030101001,1460,103.66019787581457,6860,734,748,749
565,H032103001,1460,93.47030093385915,6862,818,822,825
566,H040001001,1460,75.3211482533783,6848,895,895,895
567,H040002001,1460,117.53516629953822,6818,810,810,812
568,H050301001,1460,167.60326067934827,6862,747,755,760
569,H070201001,1460,91.39627970684958,6752,914,920,920
570,H080001101,1460,185.13333687525858,6841,1240,1240,1240
571,H080001201,1460,26.53818162416732,6862,1373,1376,1377
572,H081001002,1460,52.87617044552104,6862,1357,1359,1359
573,H100101001,1460,614.8094714798542,6862,629,662,677
574,H105102001,1460,92.94962323046992,6862,909,911,911
575,H110200901,1460,258.28206925314834,6604,613,624,632
576,H112202001,1460,123.92445278213017,6862,924,925,926
577,H120101001,1460,85.67083389628112,6862,918,918,918
578,H123101001,1460,115.21942165091326,6811,1378,1379,1380
579,H130201001,1026,2.4709235955420077,584,1026,1026,1026
580,H133301001,1460,44.77080888176109,6862,588,621,637
581,H150101001,1460,52.38907537302616,6862,1136,1138,1138
582,H150351001,1460,59.24840573903513,6786,722,738,747
583,H150391001,1460,inf,6808,388,420,435
584,H151321001,1460,inf,6862,480,498,507
585,H160301001,1460,225.97223720010763,6862,777,786,789
586,H170001001,1460,46.76540320892709,6862,1279,1280,1281
587,H171301001,1460,55.01058432721423,6862,491,526,547
588,H200102001,1460,66.9366284640313,6825,869,873,873
589,H201301001,1460,70.59604448934002,5813,641,665,671
590,H202101001,1460,48.862532108047056,6081,932,940,943
591,H205101001,1460,69.55151370061856,6862,796,801,802
592,H205102001,1382,100.13083698271667,3506,1357,1358,1359
593,H205102002,1460,71.01408711867117,4353,539,546,547
594,H206201001,1460,140.74793099836748,6862,735,740,742
595,H206202001,1460,inf,6158,376,384,389
596,H207311001,1460,37.93090691585322,6851,639,649,658
597,H208000101,1460,34.03995210911386,1420,1460,1460,1460
598,H208000103,1460,2532.190591793301,118,1460,1460,1460
599,H208000104,1460,91.37842436823824,3339,1108,1108,1108
600,H208311001,1460,164.79457234257683,1528,1460,1460,1460
601,H212202001,1460,59.90552306410556,6862,891,895,895
602,H214203002,1460,65.379321800369,6862,853,853,854
603,H216301001,1459,inf,2387,440,446,448
604,H217232001,1460,180.31023162177027,6678,768,771,773
605,H218201001,1460,80.12301271117174,6742,819,819,819
606,H222101001,1460,62.550531020609924,6862,846,846,846
607,H224000501,1460,50.18428262817582,6862,0,0,0
608,H226000201,1460,24.10155897623382,6862,187,392,440
609,H232201001,1460,inf,6859,633,638,639
610,H233202001,1460,inf,6859,580,581,582
611,H234202002,1460,543.4740250523114,6862,699,701,702
612,H234203001,1460,2250.0759563536217,6861,757,759,759
613,H240201001,1460,489.2104014528126,6861,607,614,620
614,H241201001,1460,292.4926084572798,6862,628,635,638
615,H242231001,1460,342.1720789182434,6861,583,598,608
616,H243401001,1460,853.4356180981878,6858,674,676,676
617,H243471001,1460,155.9445749625286,3515,188,199,219
618,H244234001,1460,4357.274773851052,6859,759,760,763
619,H245202001,1460,252.074591853528,6862,741,742,742
620,H246202001,1460,2298.2337865195705,6860,829,831,831
621,H246371001,1460,124.20446763585453,6774,150,235,271
622,H247301001,1460,100.19192713231769,6860,784,793,794
623,H248201001,1460,94.4183252535013,6854,880,880,880
624,H248201002,1454,79.33932532923852,1481,672,672,674
625,H303000201,1460,62.896939392974346,6861,0,0,0
626,H303000401,1460,195.82830425704026,6522,17,52,80
627,H305000101,1460,48.9004845962993,6862,927,936,940
628,H305000102,1460,inf,1085,1460,1460,1460
629,H305000301,1460,23.596405836718002,6855,178,398,475
630,H305000401,1460,25.821361950494754,6753,1050,1071,1086
631,H305000402,1460,45.98250380783398,212,0,0,0
632,H310042010,1460,308.31107399900844,6854,456,466,475
633,H311041010,1460,930.250962742596,6073,1250,1283,1292
634,H311041011,1460,292.3073999739695,1509,469,473,474
635,H312042201,1264,637.8083908573574,822,935,941,944
636,H317061010,1460,12.202670431051217,6750,0,0,0
637,H318041010,1460,34.88066499454874,6861,1460,1460,1460
638,H320000101,1460,257.60248215564025,593,1460,1460,1460
639,H320000104,1460,65.3209740777492,6270,1331,1331,1331
640,H320331001,1460,inf,6748,129,165,179
641,H323041010,1460,68.62033725810971,6861,214,305,363
642,H325041010,1460,21.282498155856217,6859,1460,1460,1460
643,H332201001,1460,242.44708167851385,6862,662,675,682
644,H352201010,1343,195.8974952381826,2239,569,582,588
645,H352201011,1460,58.79887138269718,1132,545,560,566
646,H402203001,1460,43.19711770832818,6862,692,719,728
647,H403021010,1460,374.9701684447921,6857,1077,1099,1116
648,H403301001,1460,69.41504622458977,4343,1460,1460,1460
649,H404021101,1460,144.1579523698351,2272,547,555,557
650,H406840001,1459,79.1657069037779,2105,19,48,81
651,H413041010,1460,61.820740795637406,6862,821,877,891
652,H416021010,1460,72.10239193797726,6861,1460,1460,1460
653,H418041101,1460,39.45492273353054,3489,558,587,597
654,H420021011,1460,86.59083332518016,6630,1460,1460,1460
655,H421041010,1460,inf,6684,465,477,481
656,H423041010,1460,109.91515599259517,6859,1460,1460,1460
657,H425042010,1460,116.86870886817606,6851,1460,1460,1460
658,H426021010,1460,75.91769026636896,6673,1460,1460,1460
659,H428000201,1124,177.1402502724075,682,380,429,461
660,H432021010,1460,51.08260306786132,6862,1460,1460,1460
661,H433043010,1460,131.6682072846973,6850,933,958,969
662,H434042010,1460,115.71658920129093,1305,497,501,504
663,H435000201,1460,196.63232254370385,1436,364,376,381
664,H436061010,1460,38.852556310032284,5866,1460,1460,1460
665,H436061011,1460,inf,1327,460,528,572
666,H437042010,1460,76.6360883573098,6861,1460,1460,1460
667,H438021010,1460,41.48389184103854,6862,1460,1460,1460
668,H501102001,1460,124.11161217155413,6861,985,985,986
669,H502301001,1460,660.7656187251789,6696,806,808,809
670,H502301301,1460,23.376316151349233,1825,0,0,15
671,H502301401,1460,18.703806350125326,1825,0,0,0
672,H503101001,1460,354.2011789091515,1018,618,625,626
673,H503102001,1460,149.29182014774028,6731,893,893,893
674,H503331001,1460,529.5358554385168,6862,744,751,758
675,H503334001,1460,inf,5960,688,701,706
676,H504061010,1460,30.893250421817527,6845,0,0,0
677,H504062010,1460,21.153199938822077,6858,492,692,797
678,H504063010,1460,14.591574438532279,6849,1460,1460,1460
679,H504201001,1460,inf,6862,826,831,833
680,H505321001,1460,88.86769697862611,6589,519,532,535
681,H506061010,1460,12.500754414977013,6858,1460,1460,1460
682,H506201001,1460,174.54006990516268,6860,901,902,903
683,H506901010,1460,inf,2150,0,0,0
684,H507101001,1460,221.08431101093714,6017,1460,1460,1460
685,H507101002,1460,172.87039360184102,6659,1166,1171,1171
686,H507104001,1460,106.45534714486406,6862,929,929,929
687,H507105001,1460,98.90385250665891,6862,918,918,918
688,H508305001,1460,171.649191351998,6570,931,932,933
689,H508307001,1460,150.03509678962547,6862,765,773,781
690,H509101002,1460,102.09764897859988,6862,1347,1349,1349
691,H510203001,1460,79.05662254488945,6819,874,877,877
692,H510204001,1460,553.6300578271392,6862,760,776,783
693,H511231001,1460,123.12580765093402,6799,726,733,736
694,H512234001,1460,178.0456193031593,6862,937,938,939
695,H512235002,1460,116.99412084097264,6796,893,895,897
696,H513061010,1460,inf,6825,0,0,0
697,H513062011,1127,19.265083746717153,678,675,734,765
698,H514261001,1460,334.41145689586216,6861,655,659,662
699,H514262001,1460,inf,6799,657,658,660
700,H515301001,1460,109.94188949540977,6862,664,667,668
701,H517201001,1460,104.21932026653988,6793,839,842,842
702,H517311001,1460,102.87589708578506,6861,536,547,551
703,H520101003,1460,77.9782909223303,6860,1229,1229,1229
704,H520421001,1460,inf,6762,612,632,642
705,H521331001,1460,216.27117540761057,6852,551,575,587
706,H522431001,1460,109.49237942373023,6633,571,651,680
707,H524301001,1460,78.49920105686653,6861,597,653,678
708,H530202001,1460,96.45598774878748,3926,669,678,679
709,H541203001,1460,371.05398911463527,1018,1460,1460,1460
